backend,mode,step,particles,trial,duration_requested_s,return_code,wall_runtime_s,reported_overall_runtime_s,reported_frames,average_fps,avg_full_frame_ms,avg_system_update_ms,avg_particle_update_ms,total_particle_update_s,avg_render_ms,command,stdout_tail,stderr_tail
cpu,cpu,load,100000,1,30,0,44.32461809399999,44.0979,1875.0,42.5191,23.5184,0.0007,4.2286,7.9286,18.4328,./bin/rotea_sim --mode cpu --step load --particles 100000 --duration 30,"Particles: 100000 total (90000 fluid, 10000 cells)\nMode: cpu\nStep: load\nDuration: 30 seconds\nRequested duration reached: 30 seconds. Exiting.\n\n========== Benchmark Summary ==========\nMode: cpu\nStep: load\nParticles: 100000\nFrames: 1875\nOverall runtime: 44.0979 s\nAverage FPS: 42.5191\nAverage full frame runtime: 23.5184 ms/frame\nAverage system update runtime: 0.0007 ms/frame\nAverage CPU particle update runtime: 4.2286 ms/frame\nTotal CPU particle update runtime: 7.9286 s\nAverage render/swap/poll runtime: 18.4328 ms/frame\n=======================================\n",
cpu,cpu,load,100000,2,30,0,44.800088889999984,44.5257,1875.0,42.1105,23.7467,0.0006,4.1022,7.6915,18.8132,./bin/rotea_sim --mode cpu --step load --particles 100000 --duration 30,"Particles: 100000 total (90000 fluid, 10000 cells)\nMode: cpu\nStep: load\nDuration: 30 seconds\nRequested duration reached: 30 seconds. Exiting.\n\n========== Benchmark Summary ==========\nMode: cpu\nStep: load\nParticles: 100000\nFrames: 1875\nOverall runtime: 44.5257 s\nAverage FPS: 42.1105\nAverage full frame runtime: 23.7467 ms/frame\nAverage system update runtime: 0.0006 ms/frame\nAverage CPU particle update runtime: 4.1022 ms/frame\nTotal CPU particle update runtime: 7.6915 s\nAverage render/swap/poll runtime: 18.8132 ms/frame\n=======================================\n",
cpu,cpu,load,100000,3,30,0,45.11756992400001,44.8691,1875.0,41.7882,23.9298,0.0007,4.119,7.7231,18.9723,./bin/rotea_sim --mode cpu --step load --particles 100000 --duration 30,"Particles: 100000 total (90000 fluid, 10000 cells)\nMode: cpu\nStep: load\nDuration: 30 seconds\nRequested duration reached: 30 seconds. Exiting.\n\n========== Benchmark Summary ==========\nMode: cpu\nStep: load\nParticles: 100000\nFrames: 1875\nOverall runtime: 44.8691 s\nAverage FPS: 41.7882\nAverage full frame runtime: 23.9298 ms/frame\nAverage system update runtime: 0.0007 ms/frame\nAverage CPU particle update runtime: 4.1190 ms/frame\nTotal CPU particle update runtime: 7.7231 s\nAverage render/swap/poll runtime: 18.9723 ms/frame\n=======================================\n",
cuda,cuda,load,100000,1,30,0,51.62328949700003,48.3663,1875.0,38.7667,25.795,0.0007,4.706,8.8238,20.0569,./bin/rotea_sim_cuda --mode cuda --step load --particles 100000 --duration 30,"Particles: 100000 total (90000 fluid, 10000 cells)\nMode: cuda\nStep: load\nDuration: 30 seconds\nRequested duration reached: 30 seconds. Exiting.\n\n========== Benchmark Summary ==========\nMode: cuda\nStep: load\nParticles: 100000\nFrames: 1875\nOverall runtime: 48.3663 s\nAverage FPS: 38.7667\nAverage full frame runtime: 25.7950 ms/frame\nAverage system update runtime: 0.0007 ms/frame\nAverage CUDA particle update runtime: 4.7060 ms/frame\nTotal CUDA particle update runtime: 8.8238 s\nAverage render/swap/poll runtime: 20.0569 ms/frame\n=======================================\n","[CUDA ENGINE] using persistent CUDA particle buffer\n[CUDA] Persistent particle buffer allocated: 100000 particles, 3.43 MB\n[CUDA] Persistent particle buffer released.\n"
cuda,cuda,load,100000,2,30,0,51.86249517800002,50.8692,1875.0,36.8592,27.1299,0.0007,5.6025,10.5047,20.4507,./bin/rotea_sim_cuda --mode cuda --step load --particles 100000 --duration 30,"Particles: 100000 total (90000 fluid, 10000 cells)\nMode: cuda\nStep: load\nDuration: 30 seconds\nRequested duration reached: 30 seconds. Exiting.\n\n========== Benchmark Summary ==========\nMode: cuda\nStep: load\nParticles: 100000\nFrames: 1875\nOverall runtime: 50.8692 s\nAverage FPS: 36.8592\nAverage full frame runtime: 27.1299 ms/frame\nAverage system update runtime: 0.0007 ms/frame\nAverage CUDA particle update runtime: 5.6025 ms/frame\nTotal CUDA particle update runtime: 10.5047 s\nAverage render/swap/poll runtime: 20.4507 ms/frame\n=======================================\n","[CUDA ENGINE] using persistent CUDA particle buffer\n[CUDA] Persistent particle buffer allocated: 100000 particles, 3.43 MB\n[CUDA] Persistent particle buffer released.\n"
cuda,cuda,load,100000,3,30,0,51.591267775999995,50.269,1875.0,37.2994,26.8098,0.0008,5.499,10.3106,20.2525,./bin/rotea_sim_cuda --mode cuda --step load --particles 100000 --duration 30,"Particles: 100000 total (90000 fluid, 10000 cells)\nMode: cuda\nStep: load\nDuration: 30 seconds\nRequested duration reached: 30 seconds. Exiting.\n\n========== Benchmark Summary ==========\nMode: cuda\nStep: load\nParticles: 100000\nFrames: 1875\nOverall runtime: 50.2690 s\nAverage FPS: 37.2994\nAverage full frame runtime: 26.8098 ms/frame\nAverage system update runtime: 0.0008 ms/frame\nAverage CUDA particle update runtime: 5.4990 ms/frame\nTotal CUDA particle update runtime: 10.3106 s\nAverage render/swap/poll runtime: 20.2525 ms/frame\n=======================================\n","[CUDA ENGINE] using persistent CUDA particle buffer\n[CUDA] Persistent particle buffer allocated: 100000 particles, 3.43 MB\n[CUDA] Persistent particle buffer released.\n"
cpu,cpu,concentrate,100000,1,30,0,45.925484059999974,45.6847,1875.0,41.0422,24.3648,0.0006,4.125,7.7343,19.4049,./bin/rotea_sim --mode cpu --step concentrate --particles 100000 --duration 30,"Particles: 100000 total (90000 fluid, 10000 cells)\nMode: cpu\nStep: concentrate\nDuration: 30 seconds\nRequested duration reached: 30 seconds. Exiting.\n\n========== Benchmark Summary ==========\nMode: cpu\nStep: concentrate\nParticles: 100000\nFrames: 1875\nOverall runtime: 45.6847 s\nAverage FPS: 41.0422\nAverage full frame runtime: 24.3648 ms/frame\nAverage system update runtime: 0.0006 ms/frame\nAverage CPU particle update runtime: 4.1250 ms/frame\nTotal CPU particle update runtime: 7.7343 s\nAverage render/swap/poll runtime: 19.4049 ms/frame\n=======================================\n",
cpu,cpu,concentrate,100000,2,30,0,46.82400192899996,46.593,1875.0,40.2421,24.8492,0.0007,4.1701,7.819,19.8281,./bin/rotea_sim --mode cpu --step concentrate --particles 100000 --duration 30,"Particles: 100000 total (90000 fluid, 10000 cells)\nMode: cpu\nStep: concentrate\nDuration: 30 seconds\nRequested duration reached: 30 seconds. Exiting.\n\n========== Benchmark Summary ==========\nMode: cpu\nStep: concentrate\nParticles: 100000\nFrames: 1875\nOverall runtime: 46.5930 s\nAverage FPS: 40.2421\nAverage full frame runtime: 24.8492 ms/frame\nAverage system update runtime: 0.0007 ms/frame\nAverage CPU particle update runtime: 4.1701 ms/frame\nTotal CPU particle update runtime: 7.8190 s\nAverage render/swap/poll runtime: 19.8281 ms/frame\n=======================================\n",
cpu,cpu,concentrate,100000,3,30,0,46.918507352000006,46.6523,1875.0,40.1909,24.8808,0.0007,4.1495,7.7803,19.8883,./bin/rotea_sim --mode cpu --step concentrate --particles 100000 --duration 30,"Particles: 100000 total (90000 fluid, 10000 cells)\nMode: cpu\nStep: concentrate\nDuration: 30 seconds\nRequested duration reached: 30 seconds. Exiting.\n\n========== Benchmark Summary ==========\nMode: cpu\nStep: concentrate\nParticles: 100000\nFrames: 1875\nOverall runtime: 46.6523 s\nAverage FPS: 40.1909\nAverage full frame runtime: 24.8808 ms/frame\nAverage system update runtime: 0.0007 ms/frame\nAverage CPU particle update runtime: 4.1495 ms/frame\nTotal CPU particle update runtime: 7.7803 s\nAverage render/swap/poll runtime: 19.8883 ms/frame\n=======================================\n",
cuda,cuda,concentrate,100000,1,30,0,51.67129763499997,49.036,1875.0,38.2372,26.1521,0.0008,5.1537,9.6631,19.9583,./bin/rotea_sim_cuda --mode cuda --step concentrate --particles 100000 --duration 30,"Particles: 100000 total (90000 fluid, 10000 cells)\nMode: cuda\nStep: concentrate\nDuration: 30 seconds\nRequested duration reached: 30 seconds. Exiting.\n\n========== Benchmark Summary ==========\nMode: cuda\nStep: concentrate\nParticles: 100000\nFrames: 1875\nOverall runtime: 49.0360 s\nAverage FPS: 38.2372\nAverage full frame runtime: 26.1521 ms/frame\nAverage system update runtime: 0.0008 ms/frame\nAverage CUDA particle update runtime: 5.1537 ms/frame\nTotal CUDA particle update runtime: 9.6631 s\nAverage render/swap/poll runtime: 19.9583 ms/frame\n=======================================\n","[CUDA ENGINE] using persistent CUDA particle buffer\n[CUDA] Persistent particle buffer allocated: 100000 particles, 3.43 MB\n[CUDA] Persistent particle buffer released.\n"
cuda,cuda,concentrate,100000,2,30,0,50.43259907400011,49.5559,1875.0,37.836,26.4294,0.0007,5.5563,10.4181,19.856,./bin/rotea_sim_cuda --mode cuda --step concentrate --particles 100000 --duration 30,"Particles: 100000 total (90000 fluid, 10000 cells)\nMode: cuda\nStep: concentrate\nDuration: 30 seconds\nRequested duration reached: 30 seconds. Exiting.\n\n========== Benchmark Summary ==========\nMode: cuda\nStep: concentrate\nParticles: 100000\nFrames: 1875\nOverall runtime: 49.5559 s\nAverage FPS: 37.8360\nAverage full frame runtime: 26.4294 ms/frame\nAverage system update runtime: 0.0007 ms/frame\nAverage CUDA particle update runtime: 5.5563 ms/frame\nTotal CUDA particle update runtime: 10.4181 s\nAverage render/swap/poll runtime: 19.8560 ms/frame\n=======================================\n","[CUDA ENGINE] using persistent CUDA particle buffer\n[CUDA] Persistent particle buffer allocated: 100000 particles, 3.43 MB\n[CUDA] Persistent particle buffer released.\n"
cuda,cuda,concentrate,100000,3,30,0,49.976624716999936,49.1093,1875.0,38.1801,26.1912,0.0006,5.5476,10.4017,19.6246,./bin/rotea_sim_cuda --mode cuda --step concentrate --particles 100000 --duration 30,"Particles: 100000 total (90000 fluid, 10000 cells)\nMode: cuda\nStep: concentrate\nDuration: 30 seconds\nRequested duration reached: 30 seconds. Exiting.\n\n========== Benchmark Summary ==========\nMode: cuda\nStep: concentrate\nParticles: 100000\nFrames: 1875\nOverall runtime: 49.1093 s\nAverage FPS: 38.1801\nAverage full frame runtime: 26.1912 ms/frame\nAverage system update runtime: 0.0006 ms/frame\nAverage CUDA particle update runtime: 5.5476 ms/frame\nTotal CUDA particle update runtime: 10.4017 s\nAverage render/swap/poll runtime: 19.6246 ms/frame\n=======================================\n","[CUDA ENGINE] using persistent CUDA particle buffer\n[CUDA] Persistent particle buffer allocated: 100000 particles, 3.43 MB\n[CUDA] Persistent particle buffer released.\n"
cpu,cpu,wash,100000,1,30,0,46.337388930999964,46.086,1875.0,40.6848,24.5788,0.0007,4.0573,7.6075,19.6944,./bin/rotea_sim --mode cpu --step wash --particles 100000 --duration 30,"Particles: 100000 total (90000 fluid, 10000 cells)\nMode: cpu\nStep: wash\nDuration: 30 seconds\nRequested duration reached: 30 seconds. Exiting.\n\n========== Benchmark Summary ==========\nMode: cpu\nStep: wash\nParticles: 100000\nFrames: 1875\nOverall runtime: 46.0860 s\nAverage FPS: 40.6848\nAverage full frame runtime: 24.5788 ms/frame\nAverage system update runtime: 0.0007 ms/frame\nAverage CPU particle update runtime: 4.0573 ms/frame\nTotal CPU particle update runtime: 7.6075 s\nAverage render/swap/poll runtime: 19.6944 ms/frame\n=======================================\n",
cpu,cpu,wash,100000,2,30,0,46.773034706999965,46.5326,1875.0,40.2943,24.817,0.0007,4.1029,7.693,19.8777,./bin/rotea_sim --mode cpu --step wash --particles 100000 --duration 30,"Particles: 100000 total (90000 fluid, 10000 cells)\nMode: cpu\nStep: wash\nDuration: 30 seconds\nRequested duration reached: 30 seconds. Exiting.\n\n========== Benchmark Summary ==========\nMode: cpu\nStep: wash\nParticles: 100000\nFrames: 1875\nOverall runtime: 46.5326 s\nAverage FPS: 40.2943\nAverage full frame runtime: 24.8170 ms/frame\nAverage system update runtime: 0.0007 ms/frame\nAverage CPU particle update runtime: 4.1029 ms/frame\nTotal CPU particle update runtime: 7.6930 s\nAverage render/swap/poll runtime: 19.8777 ms/frame\n=======================================\n",
cpu,cpu,wash,100000,3,30,0,46.598210773000005,46.367,1875.0,40.4382,24.7287,0.0007,4.1206,7.7261,19.7699,./bin/rotea_sim --mode cpu --step wash --particles 100000 --duration 30,"Particles: 100000 total (90000 fluid, 10000 cells)\nMode: cpu\nStep: wash\nDuration: 30 seconds\nRequested duration reached: 30 seconds. Exiting.\n\n========== Benchmark Summary ==========\nMode: cpu\nStep: wash\nParticles: 100000\nFrames: 1875\nOverall runtime: 46.3670 s\nAverage FPS: 40.4382\nAverage full frame runtime: 24.7287 ms/frame\nAverage system update runtime: 0.0007 ms/frame\nAverage CPU particle update runtime: 4.1206 ms/frame\nTotal CPU particle update runtime: 7.7261 s\nAverage render/swap/poll runtime: 19.7699 ms/frame\n=======================================\n",
cuda,cuda,wash,100000,1,30,0,46.875033368000004,44.3828,1875.0,42.2461,23.6704,0.0008,4.9901,9.3564,17.6072,./bin/rotea_sim_cuda --mode cuda --step wash --particles 100000 --duration 30,"Particles: 100000 total (90000 fluid, 10000 cells)\nMode: cuda\nStep: wash\nDuration: 30 seconds\nRequested duration reached: 30 seconds. Exiting.\n\n========== Benchmark Summary ==========\nMode: cuda\nStep: wash\nParticles: 100000\nFrames: 1875\nOverall runtime: 44.3828 s\nAverage FPS: 42.2461\nAverage full frame runtime: 23.6704 ms/frame\nAverage system update runtime: 0.0008 ms/frame\nAverage CUDA particle update runtime: 4.9901 ms/frame\nTotal CUDA particle update runtime: 9.3564 s\nAverage render/swap/poll runtime: 17.6072 ms/frame\n=======================================\n","[CUDA ENGINE] using persistent CUDA particle buffer\n[CUDA] Persistent particle buffer allocated: 100000 particles, 3.43 MB\n[CUDA] Persistent particle buffer released.\n"
cuda,cuda,wash,100000,2,30,0,50.5255786429999,49.5381,1875.0,37.8496,26.42,0.0008,5.5873,10.4762,19.8066,./bin/rotea_sim_cuda --mode cuda --step wash --particles 100000 --duration 30,"Particles: 100000 total (90000 fluid, 10000 cells)\nMode: cuda\nStep: wash\nDuration: 30 seconds\nRequested duration reached: 30 seconds. Exiting.\n\n========== Benchmark Summary ==========\nMode: cuda\nStep: wash\nParticles: 100000\nFrames: 1875\nOverall runtime: 49.5381 s\nAverage FPS: 37.8496\nAverage full frame runtime: 26.4200 ms/frame\nAverage system update runtime: 0.0008 ms/frame\nAverage CUDA particle update runtime: 5.5873 ms/frame\nTotal CUDA particle update runtime: 10.4762 s\nAverage render/swap/poll runtime: 19.8066 ms/frame\n=======================================\n","[CUDA ENGINE] using persistent CUDA particle buffer\n[CUDA] Persistent particle buffer allocated: 100000 particles, 3.43 MB\n[CUDA] Persistent particle buffer released.\n"
cuda,cuda,wash,100000,3,30,0,50.82158734099994,49.9027,1875.0,37.5731,26.6144,0.0007,5.5584,10.422,20.0216,./bin/rotea_sim_cuda --mode cuda --step wash --particles 100000 --duration 30,"Particles: 100000 total (90000 fluid, 10000 cells)\nMode: cuda\nStep: wash\nDuration: 30 seconds\nRequested duration reached: 30 seconds. Exiting.\n\n========== Benchmark Summary ==========\nMode: cuda\nStep: wash\nParticles: 100000\nFrames: 1875\nOverall runtime: 49.9027 s\nAverage FPS: 37.5731\nAverage full frame runtime: 26.6144 ms/frame\nAverage system update runtime: 0.0007 ms/frame\nAverage CUDA particle update runtime: 5.5584 ms/frame\nTotal CUDA particle update runtime: 10.4220 s\nAverage render/swap/poll runtime: 20.0216 ms/frame\n=======================================\n","[CUDA ENGINE] using persistent CUDA particle buffer\n[CUDA] Persistent particle buffer allocated: 100000 particles, 3.43 MB\n[CUDA] Persistent particle buffer released.\n"
cpu,cpu,harvest,100000,1,30,0,46.44507773500004,46.1917,1875.0,40.5917,24.6351,0.0005,4.135,7.7531,19.6651,./bin/rotea_sim --mode cpu --step harvest --particles 100000 --duration 30,"Particles: 100000 total (90000 fluid, 10000 cells)\nMode: cpu\nStep: harvest\nDuration: 30 seconds\nRequested duration reached: 30 seconds. Exiting.\n\n========== Benchmark Summary ==========\nMode: cpu\nStep: harvest\nParticles: 100000\nFrames: 1875\nOverall runtime: 46.1917 s\nAverage FPS: 40.5917\nAverage full frame runtime: 24.6351 ms/frame\nAverage system update runtime: 0.0005 ms/frame\nAverage CPU particle update runtime: 4.1350 ms/frame\nTotal CPU particle update runtime: 7.7531 s\nAverage render/swap/poll runtime: 19.6651 ms/frame\n=======================================\n",
cpu,cpu,harvest,100000,2,30,0,46.07448049200002,45.7943,1875.0,40.944,24.4232,0.0007,4.0876,7.6642,19.5075,./bin/rotea_sim --mode cpu --step harvest --particles 100000 --duration 30,"Particles: 100000 total (90000 fluid, 10000 cells)\nMode: cpu\nStep: harvest\nDuration: 30 seconds\nRequested duration reached: 30 seconds. Exiting.\n\n========== Benchmark Summary ==========\nMode: cpu\nStep: harvest\nParticles: 100000\nFrames: 1875\nOverall runtime: 45.7943 s\nAverage FPS: 40.9440\nAverage full frame runtime: 24.4232 ms/frame\nAverage system update runtime: 0.0007 ms/frame\nAverage CPU particle update runtime: 4.0876 ms/frame\nTotal CPU particle update runtime: 7.6642 s\nAverage render/swap/poll runtime: 19.5075 ms/frame\n=======================================\n",
cpu,cpu,harvest,100000,3,30,0,46.313896833999934,46.0713,1875.0,40.6978,24.571,0.0005,4.1018,7.6908,19.6384,./bin/rotea_sim --mode cpu --step harvest --particles 100000 --duration 30,"Particles: 100000 total (90000 fluid, 10000 cells)\nMode: cpu\nStep: harvest\nDuration: 30 seconds\nRequested duration reached: 30 seconds. Exiting.\n\n========== Benchmark Summary ==========\nMode: cpu\nStep: harvest\nParticles: 100000\nFrames: 1875\nOverall runtime: 46.0713 s\nAverage FPS: 40.6978\nAverage full frame runtime: 24.5710 ms/frame\nAverage system update runtime: 0.0005 ms/frame\nAverage CPU particle update runtime: 4.1018 ms/frame\nTotal CPU particle update runtime: 7.6908 s\nAverage render/swap/poll runtime: 19.6384 ms/frame\n=======================================\n",
cuda,cuda,harvest,100000,1,30,0,49.8169398120001,47.0872,1875.0,39.8198,25.1127,0.0007,5.0341,9.4389,18.8747,./bin/rotea_sim_cuda --mode cuda --step harvest --particles 100000 --duration 30,"Particles: 100000 total (90000 fluid, 10000 cells)\nMode: cuda\nStep: harvest\nDuration: 30 seconds\nRequested duration reached: 30 seconds. Exiting.\n\n========== Benchmark Summary ==========\nMode: cuda\nStep: harvest\nParticles: 100000\nFrames: 1875\nOverall runtime: 47.0872 s\nAverage FPS: 39.8198\nAverage full frame runtime: 25.1127 ms/frame\nAverage system update runtime: 0.0007 ms/frame\nAverage CUDA particle update runtime: 5.0341 ms/frame\nTotal CUDA particle update runtime: 9.4389 s\nAverage render/swap/poll runtime: 18.8747 ms/frame\n=======================================\n","[CUDA ENGINE] using persistent CUDA particle buffer\n[CUDA] Persistent particle buffer allocated: 100000 particles, 3.43 MB\n[CUDA] Persistent particle buffer released.\n"
cuda,cuda,harvest,100000,2,30,0,49.30684799100004,48.4526,1875.0,38.6976,25.841,0.0008,5.5493,10.4049,19.0692,./bin/rotea_sim_cuda --mode cuda --step harvest --particles 100000 --duration 30,"Particles: 100000 total (90000 fluid, 10000 cells)\nMode: cuda\nStep: harvest\nDuration: 30 seconds\nRequested duration reached: 30 seconds. Exiting.\n\n========== Benchmark Summary ==========\nMode: cuda\nStep: harvest\nParticles: 100000\nFrames: 1875\nOverall runtime: 48.4526 s\nAverage FPS: 38.6976\nAverage full frame runtime: 25.8410 ms/frame\nAverage system update runtime: 0.0008 ms/frame\nAverage CUDA particle update runtime: 5.5493 ms/frame\nTotal CUDA particle update runtime: 10.4049 s\nAverage render/swap/poll runtime: 19.0692 ms/frame\n=======================================\n","[CUDA ENGINE] using persistent CUDA particle buffer\n[CUDA] Persistent particle buffer allocated: 100000 particles, 3.43 MB\n[CUDA] Persistent particle buffer released.\n"
cuda,cuda,harvest,100000,3,30,0,49.12408737499982,48.1926,1875.0,38.9064,25.7023,0.0006,5.4651,10.247,19.0169,./bin/rotea_sim_cuda --mode cuda --step harvest --particles 100000 --duration 30,"Particles: 100000 total (90000 fluid, 10000 cells)\nMode: cuda\nStep: harvest\nDuration: 30 seconds\nRequested duration reached: 30 seconds. Exiting.\n\n========== Benchmark Summary ==========\nMode: cuda\nStep: harvest\nParticles: 100000\nFrames: 1875\nOverall runtime: 48.1926 s\nAverage FPS: 38.9064\nAverage full frame runtime: 25.7023 ms/frame\nAverage system update runtime: 0.0006 ms/frame\nAverage CUDA particle update runtime: 5.4651 ms/frame\nTotal CUDA particle update runtime: 10.2470 s\nAverage render/swap/poll runtime: 19.0169 ms/frame\n=======================================\n","[CUDA ENGINE] using persistent CUDA particle buffer\n[CUDA] Persistent particle buffer allocated: 100000 particles, 3.43 MB\n[CUDA] Persistent particle buffer released.\n"
cpu,cpu,load,200000,1,30,0,83.3754821099999,83.1058,1875.0,22.5616,44.3227,0.0007,7.8,14.6249,34.8767,./bin/rotea_sim --mode cpu --step load --particles 200000 --duration 30,"Particles: 200000 total (180000 fluid, 20000 cells)\nMode: cpu\nStep: load\nDuration: 30 seconds\nRequested duration reached: 30 seconds. Exiting.\n\n========== Benchmark Summary ==========\nMode: cpu\nStep: load\nParticles: 200000\nFrames: 1875\nOverall runtime: 83.1058 s\nAverage FPS: 22.5616\nAverage full frame runtime: 44.3227 ms/frame\nAverage system update runtime: 0.0007 ms/frame\nAverage CPU particle update runtime: 7.8000 ms/frame\nTotal CPU particle update runtime: 14.6249 s\nAverage render/swap/poll runtime: 34.8767 ms/frame\n=======================================\n",
cpu,cpu,load,200000,2,30,0,82.50266822100002,82.2479,1875.0,22.7969,43.8652,0.0005,7.7355,14.504,34.4871,./bin/rotea_sim --mode cpu --step load --particles 200000 --duration 30,"Particles: 200000 total (180000 fluid, 20000 cells)\nMode: cpu\nStep: load\nDuration: 30 seconds\nRequested duration reached: 30 seconds. Exiting.\n\n========== Benchmark Summary ==========\nMode: cpu\nStep: load\nParticles: 200000\nFrames: 1875\nOverall runtime: 82.2479 s\nAverage FPS: 22.7969\nAverage full frame runtime: 43.8652 ms/frame\nAverage system update runtime: 0.0005 ms/frame\nAverage CPU particle update runtime: 7.7355 ms/frame\nTotal CPU particle update runtime: 14.5040 s\nAverage render/swap/poll runtime: 34.4871 ms/frame\n=======================================\n",
cpu,cpu,load,200000,3,30,0,82.06946347099984,81.8532,1875.0,22.9069,43.6547,0.0006,7.7348,14.5027,34.2693,./bin/rotea_sim --mode cpu --step load --particles 200000 --duration 30,"Particles: 200000 total (180000 fluid, 20000 cells)\nMode: cpu\nStep: load\nDuration: 30 seconds\nRequested duration reached: 30 seconds. Exiting.\n\n========== Benchmark Summary ==========\nMode: cpu\nStep: load\nParticles: 200000\nFrames: 1875\nOverall runtime: 81.8532 s\nAverage FPS: 22.9069\nAverage full frame runtime: 43.6547 ms/frame\nAverage system update runtime: 0.0006 ms/frame\nAverage CPU particle update runtime: 7.7348 ms/frame\nTotal CPU particle update runtime: 14.5027 s\nAverage render/swap/poll runtime: 34.2693 ms/frame\n=======================================\n",
cuda,cuda,load,200000,1,30,0,90.57677133399989,88.0547,1875.0,21.2936,46.9621,0.0007,9.7779,18.3335,34.9652,./bin/rotea_sim_cuda --mode cuda --step load --particles 200000 --duration 30,"Particles: 200000 total (180000 fluid, 20000 cells)\nMode: cuda\nStep: load\nDuration: 30 seconds\nRequested duration reached: 30 seconds. Exiting.\n\n========== Benchmark Summary ==========\nMode: cuda\nStep: load\nParticles: 200000\nFrames: 1875\nOverall runtime: 88.0547 s\nAverage FPS: 21.2936\nAverage full frame runtime: 46.9621 ms/frame\nAverage system update runtime: 0.0007 ms/frame\nAverage CUDA particle update runtime: 9.7779 ms/frame\nTotal CUDA particle update runtime: 18.3335 s\nAverage render/swap/poll runtime: 34.9652 ms/frame\n=======================================\n","[CUDA ENGINE] using persistent CUDA particle buffer\n[CUDA] Persistent particle buffer allocated: 200000 particles, 6.87 MB\n[CUDA] Persistent particle buffer released.\n"
cuda,cuda,load,200000,2,30,0,88.58351673800007,87.6483,1875.0,21.3923,46.7454,0.0005,10.1851,19.0971,34.3813,./bin/rotea_sim_cuda --mode cuda --step load --particles 200000 --duration 30,"Particles: 200000 total (180000 fluid, 20000 cells)\nMode: cuda\nStep: load\nDuration: 30 seconds\nRequested duration reached: 30 seconds. Exiting.\n\n========== Benchmark Summary ==========\nMode: cuda\nStep: load\nParticles: 200000\nFrames: 1875\nOverall runtime: 87.6483 s\nAverage FPS: 21.3923\nAverage full frame runtime: 46.7454 ms/frame\nAverage system update runtime: 0.0005 ms/frame\nAverage CUDA particle update runtime: 10.1851 ms/frame\nTotal CUDA particle update runtime: 19.0971 s\nAverage render/swap/poll runtime: 34.3813 ms/frame\n=======================================\n","[CUDA ENGINE] using persistent CUDA particle buffer\n[CUDA] Persistent particle buffer allocated: 200000 particles, 6.87 MB\n[CUDA] Persistent particle buffer released.\n"
cuda,cuda,load,200000,3,30,0,90.21384592699997,89.3016,1875.0,20.9963,47.6272,0.0007,10.0765,18.8935,35.3718,./bin/rotea_sim_cuda --mode cuda --step load --particles 200000 --duration 30,"Particles: 200000 total (180000 fluid, 20000 cells)\nMode: cuda\nStep: load\nDuration: 30 seconds\nRequested duration reached: 30 seconds. Exiting.\n\n========== Benchmark Summary ==========\nMode: cuda\nStep: load\nParticles: 200000\nFrames: 1875\nOverall runtime: 89.3016 s\nAverage FPS: 20.9963\nAverage full frame runtime: 47.6272 ms/frame\nAverage system update runtime: 0.0007 ms/frame\nAverage CUDA particle update runtime: 10.0765 ms/frame\nTotal CUDA particle update runtime: 18.8935 s\nAverage render/swap/poll runtime: 35.3718 ms/frame\n=======================================\n","[CUDA ENGINE] using persistent CUDA particle buffer\n[CUDA] Persistent particle buffer allocated: 200000 particles, 6.87 MB\n[CUDA] Persistent particle buffer released.\n"
cpu,cpu,concentrate,200000,1,30,0,85.5668061240001,85.2532,1875.0,21.9933,45.4679,0.0007,8.1187,15.2225,35.6163,./bin/rotea_sim --mode cpu --step concentrate --particles 200000 --duration 30,"Particles: 200000 total (180000 fluid, 20000 cells)\nMode: cpu\nStep: concentrate\nDuration: 30 seconds\nRequested duration reached: 30 seconds. Exiting.\n\n========== Benchmark Summary ==========\nMode: cpu\nStep: concentrate\nParticles: 200000\nFrames: 1875\nOverall runtime: 85.2532 s\nAverage FPS: 21.9933\nAverage full frame runtime: 45.4679 ms/frame\nAverage system update runtime: 0.0007 ms/frame\nAverage CPU particle update runtime: 8.1187 ms/frame\nTotal CPU particle update runtime: 15.2225 s\nAverage render/swap/poll runtime: 35.6163 ms/frame\n=======================================\n",
cpu,cpu,concentrate,200000,2,30,0,84.0069016729999,83.7587,1875.0,22.3857,44.6709,0.0007,7.881,14.7769,35.1073,./bin/rotea_sim --mode cpu --step concentrate --particles 200000 --duration 30,"Particles: 200000 total (180000 fluid, 20000 cells)\nMode: cpu\nStep: concentrate\nDuration: 30 seconds\nRequested duration reached: 30 seconds. Exiting.\n\n========== Benchmark Summary ==========\nMode: cpu\nStep: concentrate\nParticles: 200000\nFrames: 1875\nOverall runtime: 83.7587 s\nAverage FPS: 22.3857\nAverage full frame runtime: 44.6709 ms/frame\nAverage system update runtime: 0.0007 ms/frame\nAverage CPU particle update runtime: 7.8810 ms/frame\nTotal CPU particle update runtime: 14.7769 s\nAverage render/swap/poll runtime: 35.1073 ms/frame\n=======================================\n",
cpu,cpu,concentrate,200000,3,30,0,85.76445561600008,85.5422,1875.0,21.919,45.6221,0.0007,8.0463,15.0869,35.8497,./bin/rotea_sim --mode cpu --step concentrate --particles 200000 --duration 30,"Particles: 200000 total (180000 fluid, 20000 cells)\nMode: cpu\nStep: concentrate\nDuration: 30 seconds\nRequested duration reached: 30 seconds. Exiting.\n\n========== Benchmark Summary ==========\nMode: cpu\nStep: concentrate\nParticles: 200000\nFrames: 1875\nOverall runtime: 85.5422 s\nAverage FPS: 21.9190\nAverage full frame runtime: 45.6221 ms/frame\nAverage system update runtime: 0.0007 ms/frame\nAverage CPU particle update runtime: 8.0463 ms/frame\nTotal CPU particle update runtime: 15.0869 s\nAverage render/swap/poll runtime: 35.8497 ms/frame\n=======================================\n",
cuda,cuda,concentrate,200000,1,30,0,89.17307280900013,86.5724,1875.0,21.6582,46.1716,0.0006,9.8148,18.4027,34.162,./bin/rotea_sim_cuda --mode cuda --step concentrate --particles 200000 --duration 30,"Particles: 200000 total (180000 fluid, 20000 cells)\nMode: cuda\nStep: concentrate\nDuration: 30 seconds\nRequested duration reached: 30 seconds. Exiting.\n\n========== Benchmark Summary ==========\nMode: cuda\nStep: concentrate\nParticles: 200000\nFrames: 1875\nOverall runtime: 86.5724 s\nAverage FPS: 21.6582\nAverage full frame runtime: 46.1716 ms/frame\nAverage system update runtime: 0.0006 ms/frame\nAverage CUDA particle update runtime: 9.8148 ms/frame\nTotal CUDA particle update runtime: 18.4027 s\nAverage render/swap/poll runtime: 34.1620 ms/frame\n=======================================\n","[CUDA ENGINE] using persistent CUDA particle buffer\n[CUDA] Persistent particle buffer allocated: 200000 particles, 6.87 MB\n[CUDA] Persistent particle buffer released.\n"
cuda,cuda,concentrate,200000,2,30,0,88.61810374499964,87.6641,1875.0,21.3885,46.7538,0.0007,10.2594,19.2363,34.2766,./bin/rotea_sim_cuda --mode cuda --step concentrate --particles 200000 --duration 30,"Particles: 200000 total (180000 fluid, 20000 cells)\nMode: cuda\nStep: concentrate\nDuration: 30 seconds\nRequested duration reached: 30 seconds. Exiting.\n\n========== Benchmark Summary ==========\nMode: cuda\nStep: concentrate\nParticles: 200000\nFrames: 1875\nOverall runtime: 87.6641 s\nAverage FPS: 21.3885\nAverage full frame runtime: 46.7538 ms/frame\nAverage system update runtime: 0.0007 ms/frame\nAverage CUDA particle update runtime: 10.2594 ms/frame\nTotal CUDA particle update runtime: 19.2363 s\nAverage render/swap/poll runtime: 34.2766 ms/frame\n=======================================\n","[CUDA ENGINE] using persistent CUDA particle buffer\n[CUDA] Persistent particle buffer allocated: 200000 particles, 6.87 MB\n[CUDA] Persistent particle buffer released.\n"
cuda,cuda,concentrate,200000,3,30,0,89.69851185899961,88.6681,1875.0,21.1463,47.2893,0.0008,10.3117,19.3345,34.7457,./bin/rotea_sim_cuda --mode cuda --step concentrate --particles 200000 --duration 30,"Particles: 200000 total (180000 fluid, 20000 cells)\nMode: cuda\nStep: concentrate\nDuration: 30 seconds\nRequested duration reached: 30 seconds. Exiting.\n\n========== Benchmark Summary ==========\nMode: cuda\nStep: concentrate\nParticles: 200000\nFrames: 1875\nOverall runtime: 88.6681 s\nAverage FPS: 21.1463\nAverage full frame runtime: 47.2893 ms/frame\nAverage system update runtime: 0.0008 ms/frame\nAverage CUDA particle update runtime: 10.3117 ms/frame\nTotal CUDA particle update runtime: 19.3345 s\nAverage render/swap/poll runtime: 34.7457 ms/frame\n=======================================\n","[CUDA ENGINE] using persistent CUDA particle buffer\n[CUDA] Persistent particle buffer allocated: 200000 particles, 6.87 MB\n[CUDA] Persistent particle buffer released.\n"
cpu,cpu,wash,200000,1,30,0,83.3844627819999,83.1359,1875.0,22.5534,44.3387,0.0007,7.8307,14.6826,34.8411,./bin/rotea_sim --mode cpu --step wash --particles 200000 --duration 30,"Particles: 200000 total (180000 fluid, 20000 cells)\nMode: cpu\nStep: wash\nDuration: 30 seconds\nRequested duration reached: 30 seconds. Exiting.\n\n========== Benchmark Summary ==========\nMode: cpu\nStep: wash\nParticles: 200000\nFrames: 1875\nOverall runtime: 83.1359 s\nAverage FPS: 22.5534\nAverage full frame runtime: 44.3387 ms/frame\nAverage system update runtime: 0.0007 ms/frame\nAverage CPU particle update runtime: 7.8307 ms/frame\nTotal CPU particle update runtime: 14.6826 s\nAverage render/swap/poll runtime: 34.8411 ms/frame\n=======================================\n",
cpu,cpu,wash,200000,2,30,0,83.05624643500005,82.8114,1875.0,22.6418,44.1657,0.0006,7.8097,14.6431,34.6866,./bin/rotea_sim --mode cpu --step wash --particles 200000 --duration 30,"Particles: 200000 total (180000 fluid, 20000 cells)\nMode: cpu\nStep: wash\nDuration: 30 seconds\nRequested duration reached: 30 seconds. Exiting.\n\n========== Benchmark Summary ==========\nMode: cpu\nStep: wash\nParticles: 200000\nFrames: 1875\nOverall runtime: 82.8114 s\nAverage FPS: 22.6418\nAverage full frame runtime: 44.1657 ms/frame\nAverage system update runtime: 0.0006 ms/frame\nAverage CPU particle update runtime: 7.8097 ms/frame\nTotal CPU particle update runtime: 14.6431 s\nAverage render/swap/poll runtime: 34.6866 ms/frame\n=======================================\n",
cpu,cpu,wash,200000,3,30,0,83.05262831200025,82.8294,1875.0,22.6369,44.1753,0.0006,7.779,14.5857,34.7426,./bin/rotea_sim --mode cpu --step wash --particles 200000 --duration 30,"Particles: 200000 total (180000 fluid, 20000 cells)\nMode: cpu\nStep: wash\nDuration: 30 seconds\nRequested duration reached: 30 seconds. Exiting.\n\n========== Benchmark Summary ==========\nMode: cpu\nStep: wash\nParticles: 200000\nFrames: 1875\nOverall runtime: 82.8294 s\nAverage FPS: 22.6369\nAverage full frame runtime: 44.1753 ms/frame\nAverage system update runtime: 0.0006 ms/frame\nAverage CPU particle update runtime: 7.7790 ms/frame\nTotal CPU particle update runtime: 14.5857 s\nAverage render/swap/poll runtime: 34.7426 ms/frame\n=======================================\n",
cuda,cuda,wash,200000,1,30,0,89.10984917499991,86.5404,1875.0,21.6662,46.1545,0.0006,9.7706,18.3199,34.2188,./bin/rotea_sim_cuda --mode cuda --step wash --particles 200000 --duration 30,"Particles: 200000 total (180000 fluid, 20000 cells)\nMode: cuda\nStep: wash\nDuration: 30 seconds\nRequested duration reached: 30 seconds. Exiting.\n\n========== Benchmark Summary ==========\nMode: cuda\nStep: wash\nParticles: 200000\nFrames: 1875\nOverall runtime: 86.5404 s\nAverage FPS: 21.6662\nAverage full frame runtime: 46.1545 ms/frame\nAverage system update runtime: 0.0006 ms/frame\nAverage CUDA particle update runtime: 9.7706 ms/frame\nTotal CUDA particle update runtime: 18.3199 s\nAverage render/swap/poll runtime: 34.2188 ms/frame\n=======================================\n","[CUDA ENGINE] using persistent CUDA particle buffer\n[CUDA] Persistent particle buffer allocated: 200000 particles, 6.87 MB\n[CUDA] Persistent particle buffer released.\n"
cuda,cuda,wash,200000,2,30,0,89.18640564799989,88.2544,1875.0,21.2454,47.0686,0.0006,10.2645,19.246,34.5772,./bin/rotea_sim_cuda --mode cuda --step wash --particles 200000 --duration 30,"Particles: 200000 total (180000 fluid, 20000 cells)\nMode: cuda\nStep: wash\nDuration: 30 seconds\nRequested duration reached: 30 seconds. Exiting.\n\n========== Benchmark Summary ==========\nMode: cuda\nStep: wash\nParticles: 200000\nFrames: 1875\nOverall runtime: 88.2544 s\nAverage FPS: 21.2454\nAverage full frame runtime: 47.0686 ms/frame\nAverage system update runtime: 0.0006 ms/frame\nAverage CUDA particle update runtime: 10.2645 ms/frame\nTotal CUDA particle update runtime: 19.2460 s\nAverage render/swap/poll runtime: 34.5772 ms/frame\n=======================================\n","[CUDA ENGINE] using persistent CUDA particle buffer\n[CUDA] Persistent particle buffer allocated: 200000 particles, 6.87 MB\n[CUDA] Persistent particle buffer released.\n"
cuda,cuda,wash,200000,3,30,0,89.33831380099991,88.4852,1875.0,21.19,47.1917,0.0007,10.3019,19.316,34.6488,./bin/rotea_sim_cuda --mode cuda --step wash --particles 200000 --duration 30,"Particles: 200000 total (180000 fluid, 20000 cells)\nMode: cuda\nStep: wash\nDuration: 30 seconds\nRequested duration reached: 30 seconds. Exiting.\n\n========== Benchmark Summary ==========\nMode: cuda\nStep: wash\nParticles: 200000\nFrames: 1875\nOverall runtime: 88.4852 s\nAverage FPS: 21.1900\nAverage full frame runtime: 47.1917 ms/frame\nAverage system update runtime: 0.0007 ms/frame\nAverage CUDA particle update runtime: 10.3019 ms/frame\nTotal CUDA particle update runtime: 19.3160 s\nAverage render/swap/poll runtime: 34.6488 ms/frame\n=======================================\n","[CUDA ENGINE] using persistent CUDA particle buffer\n[CUDA] Persistent particle buffer allocated: 200000 particles, 6.87 MB\n[CUDA] Persistent particle buffer released.\n"
cpu,cpu,harvest,200000,1,30,0,83.31620372799989,83.0259,1875.0,22.5833,44.2801,0.0005,7.854,14.7263,34.7776,./bin/rotea_sim --mode cpu --step harvest --particles 200000 --duration 30,"Particles: 200000 total (180000 fluid, 20000 cells)\nMode: cpu\nStep: harvest\nDuration: 30 seconds\nRequested duration reached: 30 seconds. Exiting.\n\n========== Benchmark Summary ==========\nMode: cpu\nStep: harvest\nParticles: 200000\nFrames: 1875\nOverall runtime: 83.0259 s\nAverage FPS: 22.5833\nAverage full frame runtime: 44.2801 ms/frame\nAverage system update runtime: 0.0005 ms/frame\nAverage CPU particle update runtime: 7.8540 ms/frame\nTotal CPU particle update runtime: 14.7263 s\nAverage render/swap/poll runtime: 34.7776 ms/frame\n=======================================\n",
cpu,cpu,harvest,200000,2,30,0,83.09555494100005,82.8531,1875.0,22.6304,44.188,0.0006,7.8664,14.7495,34.6617,./bin/rotea_sim --mode cpu --step harvest --particles 200000 --duration 30,"Particles: 200000 total (180000 fluid, 20000 cells)\nMode: cpu\nStep: harvest\nDuration: 30 seconds\nRequested duration reached: 30 seconds. Exiting.\n\n========== Benchmark Summary ==========\nMode: cpu\nStep: harvest\nParticles: 200000\nFrames: 1875\nOverall runtime: 82.8531 s\nAverage FPS: 22.6304\nAverage full frame runtime: 44.1880 ms/frame\nAverage system update runtime: 0.0006 ms/frame\nAverage CPU particle update runtime: 7.8664 ms/frame\nTotal CPU particle update runtime: 14.7495 s\nAverage render/swap/poll runtime: 34.6617 ms/frame\n=======================================\n",
cpu,cpu,harvest,200000,3,30,0,83.47083656799987,83.2114,1875.0,22.533,44.379,0.0005,7.8799,14.7749,34.8229,./bin/rotea_sim --mode cpu --step harvest --particles 200000 --duration 30,"Particles: 200000 total (180000 fluid, 20000 cells)\nMode: cpu\nStep: harvest\nDuration: 30 seconds\nRequested duration reached: 30 seconds. Exiting.\n\n========== Benchmark Summary ==========\nMode: cpu\nStep: harvest\nParticles: 200000\nFrames: 1875\nOverall runtime: 83.2114 s\nAverage FPS: 22.5330\nAverage full frame runtime: 44.3790 ms/frame\nAverage system update runtime: 0.0005 ms/frame\nAverage CPU particle update runtime: 7.8799 ms/frame\nTotal CPU particle update runtime: 14.7749 s\nAverage render/swap/poll runtime: 34.8229 ms/frame\n=======================================\n",
cuda,cuda,harvest,200000,1,30,0,88.79204707400004,86.2252,1875.0,21.7454,45.9864,0.0005,9.8137,18.4007,33.5563,./bin/rotea_sim_cuda --mode cuda --step harvest --particles 200000 --duration 30,"Particles: 200000 total (180000 fluid, 20000 cells)\nMode: cuda\nStep: harvest\nDuration: 30 seconds\nRequested duration reached: 30 seconds. Exiting.\n\n========== Benchmark Summary ==========\nMode: cuda\nStep: harvest\nParticles: 200000\nFrames: 1875\nOverall runtime: 86.2252 s\nAverage FPS: 21.7454\nAverage full frame runtime: 45.9864 ms/frame\nAverage system update runtime: 0.0005 ms/frame\nAverage CUDA particle update runtime: 9.8137 ms/frame\nTotal CUDA particle update runtime: 18.4007 s\nAverage render/swap/poll runtime: 33.5563 ms/frame\n=======================================\n","[CUDA ENGINE] using persistent CUDA particle buffer\n[CUDA] Persistent particle buffer allocated: 200000 particles, 6.87 MB\n[CUDA] Persistent particle buffer released.\n"
cuda,cuda,harvest,200000,2,30,0,88.11211742599971,87.1749,1875.0,21.5085,46.4929,0.0006,10.3059,19.3235,33.5397,./bin/rotea_sim_cuda --mode cuda --step harvest --particles 200000 --duration 30,"Particles: 200000 total (180000 fluid, 20000 cells)\nMode: cuda\nStep: harvest\nDuration: 30 seconds\nRequested duration reached: 30 seconds. Exiting.\n\n========== Benchmark Summary ==========\nMode: cuda\nStep: harvest\nParticles: 200000\nFrames: 1875\nOverall runtime: 87.1749 s\nAverage FPS: 21.5085\nAverage full frame runtime: 46.4929 ms/frame\nAverage system update runtime: 0.0006 ms/frame\nAverage CUDA particle update runtime: 10.3059 ms/frame\nTotal CUDA particle update runtime: 19.3235 s\nAverage render/swap/poll runtime: 33.5397 ms/frame\n=======================================\n","[CUDA ENGINE] using persistent CUDA particle buffer\n[CUDA] Persistent particle buffer allocated: 200000 particles, 6.87 MB\n[CUDA] Persistent particle buffer released.\n"
cuda,cuda,harvest,200000,3,30,0,88.80153963899966,87.8991,1875.0,21.3313,46.8791,0.0006,10.3457,19.3981,33.8508,./bin/rotea_sim_cuda --mode cuda --step harvest --particles 200000 --duration 30,"Particles: 200000 total (180000 fluid, 20000 cells)\nMode: cuda\nStep: harvest\nDuration: 30 seconds\nRequested duration reached: 30 seconds. Exiting.\n\n========== Benchmark Summary ==========\nMode: cuda\nStep: harvest\nParticles: 200000\nFrames: 1875\nOverall runtime: 87.8991 s\nAverage FPS: 21.3313\nAverage full frame runtime: 46.8791 ms/frame\nAverage system update runtime: 0.0006 ms/frame\nAverage CUDA particle update runtime: 10.3457 ms/frame\nTotal CUDA particle update runtime: 19.3981 s\nAverage render/swap/poll runtime: 33.8508 ms/frame\n=======================================\n","[CUDA ENGINE] using persistent CUDA particle buffer\n[CUDA] Persistent particle buffer allocated: 200000 particles, 6.87 MB\n[CUDA] Persistent particle buffer released.\n"
cpu,cpu,load,500000,1,30,TIMEOUT,120.121231996,,,,,,,,,./bin/rotea_sim --mode cpu --step load --particles 500000 --duration 30,,
cpu,cpu,load,500000,2,30,TIMEOUT,120.1205438259999,,,,,,,,,./bin/rotea_sim --mode cpu --step load --particles 500000 --duration 30,,
cpu,cpu,load,500000,3,30,TIMEOUT,120.12518851499999,,,,,,,,,./bin/rotea_sim --mode cpu --step load --particles 500000 --duration 30,,
cuda,cuda,load,500000,1,30,TIMEOUT,120.16825190400004,,,,,,,,,./bin/rotea_sim_cuda --mode cuda --step load --particles 500000 --duration 30,"b'Particles: 500000 total (450000 fluid, 50000 cells)\n'","b'[CUDA ENGINE] using persistent CUDA particle buffer\n[CUDA] Persistent particle buffer allocated: 500000 particles, 17.17 MB\n'"
cuda,cuda,load,500000,2,30,TIMEOUT,120.20030774399993,,,,,,,,,./bin/rotea_sim_cuda --mode cuda --step load --particles 500000 --duration 30,"b'Particles: 500000 total (450000 fluid, 50000 cells)\n'","b'[CUDA ENGINE] using persistent CUDA particle buffer\n[CUDA] Persistent particle buffer allocated: 500000 particles, 17.17 MB\n'"
cuda,cuda,load,500000,3,30,TIMEOUT,120.20592966599952,,,,,,,,,./bin/rotea_sim_cuda --mode cuda --step load --particles 500000 --duration 30,"b'Particles: 500000 total (450000 fluid, 50000 cells)\n'","b'[CUDA ENGINE] using persistent CUDA particle buffer\n[CUDA] Persistent particle buffer allocated: 500000 particles, 17.17 MB\n'"
cpu,cpu,concentrate,500000,1,30,TIMEOUT,120.11726735800039,,,,,,,,,./bin/rotea_sim --mode cpu --step concentrate --particles 500000 --duration 30,,
cpu,cpu,concentrate,500000,2,30,TIMEOUT,120.11700403800023,,,,,,,,,./bin/rotea_sim --mode cpu --step concentrate --particles 500000 --duration 30,,
cpu,cpu,concentrate,500000,3,30,TIMEOUT,120.08865561099992,,,,,,,,,./bin/rotea_sim --mode cpu --step concentrate --particles 500000 --duration 30,,
cuda,cuda,concentrate,500000,1,30,TIMEOUT,120.16485863599974,,,,,,,,,./bin/rotea_sim_cuda --mode cuda --step concentrate --particles 500000 --duration 30,"b'Particles: 500000 total (450000 fluid, 50000 cells)\n'","b'[CUDA ENGINE] using persistent CUDA particle buffer\n[CUDA] Persistent particle buffer allocated: 500000 particles, 17.17 MB\n'"
cuda,cuda,concentrate,500000,2,30,TIMEOUT,120.18958489499983,,,,,,,,,./bin/rotea_sim_cuda --mode cuda --step concentrate --particles 500000 --duration 30,"b'Particles: 500000 total (450000 fluid, 50000 cells)\n'","b'[CUDA ENGINE] using persistent CUDA particle buffer\n[CUDA] Persistent particle buffer allocated: 500000 particles, 17.17 MB\n'"
cuda,cuda,concentrate,500000,3,30,TIMEOUT,120.22347935699963,,,,,,,,,./bin/rotea_sim_cuda --mode cuda --step concentrate --particles 500000 --duration 30,"b'Particles: 500000 total (450000 fluid, 50000 cells)\n'","b'[CUDA ENGINE] using persistent CUDA particle buffer\n[CUDA] Persistent particle buffer allocated: 500000 particles, 17.17 MB\n'"
cpu,cpu,wash,500000,1,30,TIMEOUT,120.12094981700011,,,,,,,,,./bin/rotea_sim --mode cpu --step wash --particles 500000 --duration 30,,
cpu,cpu,wash,500000,2,30,TIMEOUT,120.11808714600011,,,,,,,,,./bin/rotea_sim --mode cpu --step wash --particles 500000 --duration 30,,
cpu,cpu,wash,500000,3,30,TIMEOUT,120.12280301800001,,,,,,,,,./bin/rotea_sim --mode cpu --step wash --particles 500000 --duration 30,,
cuda,cuda,wash,500000,1,30,TIMEOUT,120.19214017000013,,,,,,,,,./bin/rotea_sim_cuda --mode cuda --step wash --particles 500000 --duration 30,"b'Particles: 500000 total (450000 fluid, 50000 cells)\n'","b'[CUDA ENGINE] using persistent CUDA particle buffer\n[CUDA] Persistent particle buffer allocated: 500000 particles, 17.17 MB\n'"
cuda,cuda,wash,500000,2,30,TIMEOUT,120.10713974400005,,,,,,,,,./bin/rotea_sim_cuda --mode cuda --step wash --particles 500000 --duration 30,"b'Particles: 500000 total (450000 fluid, 50000 cells)\n'","b'[CUDA ENGINE] using persistent CUDA particle buffer\n[CUDA] Persistent particle buffer allocated: 500000 particles, 17.17 MB\n'"
cuda,cuda,wash,500000,3,30,TIMEOUT,120.18680177700026,,,,,,,,,./bin/rotea_sim_cuda --mode cuda --step wash --particles 500000 --duration 30,"b'Particles: 500000 total (450000 fluid, 50000 cells)\n'","b'[CUDA ENGINE] using persistent CUDA particle buffer\n[CUDA] Persistent particle buffer allocated: 500000 particles, 17.17 MB\n'"
cpu,cpu,harvest,500000,1,30,TIMEOUT,120.12116800700005,,,,,,,,,./bin/rotea_sim --mode cpu --step harvest --particles 500000 --duration 30,,
cpu,cpu,harvest,500000,2,30,TIMEOUT,120.10018734200003,,,,,,,,,./bin/rotea_sim --mode cpu --step harvest --particles 500000 --duration 30,,
cpu,cpu,harvest,500000,3,30,TIMEOUT,120.11661081700004,,,,,,,,,./bin/rotea_sim --mode cpu --step harvest --particles 500000 --duration 30,,
cuda,cuda,harvest,500000,1,30,TIMEOUT,120.10446061699986,,,,,,,,,./bin/rotea_sim_cuda --mode cuda --step harvest --particles 500000 --duration 30,"b'Particles: 500000 total (450000 fluid, 50000 cells)\n'","b'[CUDA ENGINE] using persistent CUDA particle buffer\n[CUDA] Persistent particle buffer allocated: 500000 particles, 17.17 MB\n'"
cuda,cuda,harvest,500000,2,30,TIMEOUT,120.18131601000005,,,,,,,,,./bin/rotea_sim_cuda --mode cuda --step harvest --particles 500000 --duration 30,"b'Particles: 500000 total (450000 fluid, 50000 cells)\n'","b'[CUDA ENGINE] using persistent CUDA particle buffer\n[CUDA] Persistent particle buffer allocated: 500000 particles, 17.17 MB\n'"
cuda,cuda,harvest,500000,3,30,TIMEOUT,120.18174630800058,,,,,,,,,./bin/rotea_sim_cuda --mode cuda --step harvest --particles 500000 --duration 30,"b'Particles: 500000 total (450000 fluid, 50000 cells)\n'","b'[CUDA ENGINE] using persistent CUDA particle buffer\n[CUDA] Persistent particle buffer allocated: 500000 particles, 17.17 MB\n'"
cpu,cpu,load,1000000,1,30,1,0.7510223049994238,,,,,,,,,./bin/rotea_sim --mode cpu --step load --particles 1000000 --duration 30,"Particles: 1000000 total (900000 fluid, 100000 cells)\n",X connection to :0 broken (explicit kill or server shutdown).\n
cpu,cpu,load,1000000,2,30,TIMEOUT,120.12541892099944,,,,,,,,,./bin/rotea_sim --mode cpu --step load --particles 1000000 --duration 30,,
cpu,cpu,load,1000000,3,30,TIMEOUT,120.12699904100009,,,,,,,,,./bin/rotea_sim --mode cpu --step load --particles 1000000 --duration 30,,
cuda,cuda,load,1000000,1,30,TIMEOUT,120.1656563180004,,,,,,,,,./bin/rotea_sim_cuda --mode cuda --step load --particles 1000000 --duration 30,"b'Particles: 1000000 total (900000 fluid, 100000 cells)\n'","b'[CUDA ENGINE] using persistent CUDA particle buffer\n[CUDA] Persistent particle buffer allocated: 1000000 particles, 34.33 MB\n'"
cuda,cuda,load,1000000,2,30,TIMEOUT,120.1700007039999,,,,,,,,,./bin/rotea_sim_cuda --mode cuda --step load --particles 1000000 --duration 30,"b'Particles: 1000000 total (900000 fluid, 100000 cells)\n'","b'[CUDA ENGINE] using persistent CUDA particle buffer\n[CUDA] Persistent particle buffer allocated: 1000000 particles, 34.33 MB\n'"
cuda,cuda,load,1000000,3,30,TIMEOUT,120.1862418869996,,,,,,,,,./bin/rotea_sim_cuda --mode cuda --step load --particles 1000000 --duration 30,"b'Particles: 1000000 total (900000 fluid, 100000 cells)\n'","b'[CUDA ENGINE] using persistent CUDA particle buffer\n[CUDA] Persistent particle buffer allocated: 1000000 particles, 34.33 MB\n'"
cpu,cpu,concentrate,1000000,1,30,TIMEOUT,120.11857116899955,,,,,,,,,./bin/rotea_sim --mode cpu --step concentrate --particles 1000000 --duration 30,,
cpu,cpu,concentrate,1000000,2,30,TIMEOUT,120.12162117200023,,,,,,,,,./bin/rotea_sim --mode cpu --step concentrate --particles 1000000 --duration 30,,
cpu,cpu,concentrate,1000000,3,30,TIMEOUT,120.12028732899944,,,,,,,,,./bin/rotea_sim --mode cpu --step concentrate --particles 1000000 --duration 30,,
cuda,cuda,concentrate,1000000,1,30,TIMEOUT,120.19959703400036,,,,,,,,,./bin/rotea_sim_cuda --mode cuda --step concentrate --particles 1000000 --duration 30,"b'Particles: 1000000 total (900000 fluid, 100000 cells)\n'","b'[CUDA ENGINE] using persistent CUDA particle buffer\n[CUDA] Persistent particle buffer allocated: 1000000 particles, 34.33 MB\n'"
cuda,cuda,concentrate,1000000,2,30,TIMEOUT,120.10173562599994,,,,,,,,,./bin/rotea_sim_cuda --mode cuda --step concentrate --particles 1000000 --duration 30,"b'Particles: 1000000 total (900000 fluid, 100000 cells)\n'","b'[CUDA ENGINE] using persistent CUDA particle buffer\n[CUDA] Persistent particle buffer allocated: 1000000 particles, 34.33 MB\n'"
cuda,cuda,concentrate,1000000,3,30,TIMEOUT,120.12421342400012,,,,,,,,,./bin/rotea_sim_cuda --mode cuda --step concentrate --particles 1000000 --duration 30,"b'Particles: 1000000 total (900000 fluid, 100000 cells)\n'","b'[CUDA ENGINE] using persistent CUDA particle buffer\n[CUDA] Persistent particle buffer allocated: 1000000 particles, 34.33 MB\n'"
cpu,cpu,wash,1000000,1,30,TIMEOUT,120.11945793599989,,,,,,,,,./bin/rotea_sim --mode cpu --step wash --particles 1000000 --duration 30,,
cpu,cpu,wash,1000000,2,30,TIMEOUT,120.1151555030001,,,,,,,,,./bin/rotea_sim --mode cpu --step wash --particles 1000000 --duration 30,,
cpu,cpu,wash,1000000,3,30,TIMEOUT,120.11961793499995,,,,,,,,,./bin/rotea_sim --mode cpu --step wash --particles 1000000 --duration 30,,
cuda,cuda,wash,1000000,1,30,TIMEOUT,120.17463574999965,,,,,,,,,./bin/rotea_sim_cuda --mode cuda --step wash --particles 1000000 --duration 30,"b'Particles: 1000000 total (900000 fluid, 100000 cells)\n'","b'[CUDA ENGINE] using persistent CUDA particle buffer\n[CUDA] Persistent particle buffer allocated: 1000000 particles, 34.33 MB\n'"
cuda,cuda,wash,1000000,2,30,TIMEOUT,120.18408934699983,,,,,,,,,./bin/rotea_sim_cuda --mode cuda --step wash --particles 1000000 --duration 30,"b'Particles: 1000000 total (900000 fluid, 100000 cells)\n'","b'[CUDA ENGINE] using persistent CUDA particle buffer\n[CUDA] Persistent particle buffer allocated: 1000000 particles, 34.33 MB\n'"
cuda,cuda,wash,1000000,3,30,TIMEOUT,120.18218492399956,,,,,,,,,./bin/rotea_sim_cuda --mode cuda --step wash --particles 1000000 --duration 30,"b'Particles: 1000000 total (900000 fluid, 100000 cells)\n'","b'[CUDA ENGINE] using persistent CUDA particle buffer\n[CUDA] Persistent particle buffer allocated: 1000000 particles, 34.33 MB\n'"
cpu,cpu,harvest,1000000,1,30,TIMEOUT,120.11743418599872,,,,,,,,,./bin/rotea_sim --mode cpu --step harvest --particles 1000000 --duration 30,,
cpu,cpu,harvest,1000000,2,30,TIMEOUT,120.11752134400012,,,,,,,,,./bin/rotea_sim --mode cpu --step harvest --particles 1000000 --duration 30,,
cpu,cpu,harvest,1000000,3,30,TIMEOUT,120.11694199500016,,,,,,,,,./bin/rotea_sim --mode cpu --step harvest --particles 1000000 --duration 30,,
cuda,cuda,harvest,1000000,1,30,TIMEOUT,120.13660030199935,,,,,,,,,./bin/rotea_sim_cuda --mode cuda --step harvest --particles 1000000 --duration 30,"b'Particles: 1000000 total (900000 fluid, 100000 cells)\n'","b'[CUDA ENGINE] using persistent CUDA particle buffer\n[CUDA] Persistent particle buffer allocated: 1000000 particles, 34.33 MB\n'"
cuda,cuda,harvest,1000000,2,30,TIMEOUT,120.17293407599936,,,,,,,,,./bin/rotea_sim_cuda --mode cuda --step harvest --particles 1000000 --duration 30,"b'Particles: 1000000 total (900000 fluid, 100000 cells)\n'","b'[CUDA ENGINE] using persistent CUDA particle buffer\n[CUDA] Persistent particle buffer allocated: 1000000 particles, 34.33 MB\n'"
cuda,cuda,harvest,1000000,3,30,TIMEOUT,120.15957819799951,,,,,,,,,./bin/rotea_sim_cuda --mode cuda --step harvest --particles 1000000 --duration 30,"b'Particles: 1000000 total (900000 fluid, 100000 cells)\n'","b'[CUDA ENGINE] using persistent CUDA particle buffer\n[CUDA] Persistent particle buffer allocated: 1000000 particles, 34.33 MB\n'"
