particles,step,backend,mean_fps,sd_fps,mean_full_frame_ms,sd_full_frame_ms,mean_particle_update_ms,sd_particle_update_ms,mean_render_ms,sd_render_ms,n
1000,concentrate,CPU,26994.255466666666,514.6034414050914,0.037033333333333335,0.0007371114795831988,0.036866666666666666,0.0006806859285554064,0.0,0.0,3
1000,concentrate,CUDA,13586.355666666665,791.4930972640536,0.0737,0.004257933771208758,0.0735,0.004257933771208759,0.0,0.0,3
1000,harvest,CPU,26739.35566666667,280.0988341462045,0.037366666666666666,0.0003511884584284263,0.037233333333333334,0.00040414518843273904,0.0,0.0,3
1000,harvest,CUDA,13130.1305,345.65426907924956,0.07616666666666667,0.0020008331597945175,0.07596666666666667,0.0020008331597945175,0.0,0.0,3
1000,load,CPU,25693.464933333336,737.7256467803563,0.0389,0.0010999999999999985,0.038733333333333335,0.0011015141094572224,0.0,0.0,3
1000,load,CUDA,13642.7782,465.05058408749477,0.07333333333333333,0.002470492528491705,0.0731,0.0025238858928247876,0.0,0.0,3
1000,protocol,CPU,26290.172433333337,1809.8462081670073,0.03813333333333333,0.0027465129406819386,0.037866666666666667,0.002715388247255504,0.0,0.0,3
1000,protocol,CUDA,11056.740866666667,3704.9646035775354,0.09963333333333334,0.041372253181732,0.0994,0.04140193232205472,0.0,0.0,3
1000,wash,CPU,26459.17213333333,802.0716304313319,0.03776666666666667,0.0011718930554164605,0.0376,0.0011357816691600537,0.0,0.0,3
1000,wash,CUDA,13137.2206,172.8093430758009,0.07606666666666667,0.000986576572463253,0.07586666666666667,0.000986576572463251,0.0,0.0,3
2000,concentrate,CPU,13437.5916,232.33908364033448,0.07443333333333334,0.0012897028081435445,0.07423333333333333,0.001289702808143542,0.0,0.0,3
2000,concentrate,CUDA,8669.160166666667,274.84190698567585,0.1154,0.0037027017163147173,0.11516666666666668,0.0037166292972710254,0.0,0.0,3
2000,harvest,CPU,13581.941566666666,455.5712396886612,0.07363333333333333,0.0025146238950056335,0.07346666666666667,0.002494660965609027,0.0,0.0,3
2000,harvest,CUDA,9005.0997,189.04994830351157,0.11103333333333333,0.0022810816147900846,0.11083333333333334,0.002281081614790086,0.0,0.0,3
2000,load,CPU,13451.005899999998,184.51080369314406,0.07429999999999999,0.001058300524425837,0.07416666666666667,0.0010016652800877838,0.0,0.0,3
2000,load,CUDA,8585.7938,186.62657026315978,0.11646666666666666,0.0025482019804821936,0.11623333333333334,0.0025735837529276876,0.0,0.0,3
2000,protocol,CPU,13543.1679,162.11331429981266,0.0738,0.0008660254037844393,0.0736,0.0008660254037844393,0.0,0.0,3
2000,protocol,CUDA,8616.399366666667,291.9298655834364,0.1161,0.003994996871087637,0.1158,0.003994996871087637,0.0,0.0,3
2000,wash,CPU,13078.281,403.1896516217026,0.0765,0.002402082429892869,0.07626666666666666,0.0023459184413217237,0.0,0.0,3
2000,wash,CUDA,8881.332833333334,113.28469678281074,0.11256666666666666,0.001415391583037477,0.11236666666666667,0.001415391583037477,0.0,0.0,3
5000,concentrate,CPU,5486.820433333334,50.38416622772769,0.18223333333333333,0.0016802777548171493,0.18203333333333335,0.001680277754817132,0.0,0.0,3
5000,concentrate,CUDA,5950.828133333333,452.915394575205,0.16866666666666666,0.013465635274034923,0.16843333333333332,0.01340795783605144,0.0,0.0,3
5000,harvest,CPU,5347.6007666666665,56.340063337054666,0.18696666666666664,0.001985782801147539,0.1868,0.0019313207915828041,0.0,0.0,3
5000,harvest,CUDA,5883.894499999999,573.0821485855496,0.1709333333333333,0.01580674961316632,0.1707,0.01577244432546838,0.0,0.0,3
5000,load,CPU,5452.803,69.50397328735937,0.1834,0.002330236039546213,0.1832,0.002330236039546191,0.0,0.0,3
5000,load,CUDA,5977.746933333333,418.20561669786713,0.16780000000000003,0.012179080425056723,0.1675333333333333,0.012143036413242513,0.0,0.0,3
5000,protocol,CPU,5495.9688,95.71803346397172,0.1819333333333333,0.0031817186131607093,0.1817,0.003214031735997629,0.0,0.0,3
5000,protocol,CUDA,5801.493233333334,387.9334803818864,0.17286666666666664,0.011997638656557943,0.1725,0.011971633138381748,0.0,0.0,3
5000,wash,CPU,5248.7121,169.1117793005858,0.19063333333333332,0.00622923216242046,0.1904,0.006173329733620256,0.0,0.0,3
5000,wash,CUDA,5944.995933333333,522.3899997156564,0.16906666666666667,0.015341881675118395,0.16876666666666665,0.01534188167511839,0.0,0.0,3
10000,concentrate,CPU,2756.1646333333338,33.49383038745094,0.36283333333333334,0.004452340208624365,0.36260000000000003,0.004467661580737737,0.0,0.0,3
10000,concentrate,CUDA,3978.446933333333,112.59972867570904,0.25146666666666667,0.007086842268128546,0.2511,0.007034202158027581,0.0,0.0,3
10000,harvest,CPU,2721.8957333333333,6.579703903925458,0.3673666666666667,0.0008962886439832474,0.3671666666666667,0.0008962886439832497,0.0,0.0,3
10000,harvest,CUDA,4127.587866666667,291.41717683164035,0.24303333333333332,0.017625644196265087,0.2427,0.017570145133151287,0.0,0.0,3
10000,load,CPU,2669.9372333333336,39.49916885066487,0.37456666666666666,0.005577036249956905,0.37433333333333335,0.005522982286168718,0.0,0.0,3
10000,load,CUDA,4312.952433333333,29.203652189637676,0.23183333333333334,0.001556705923844766,0.23153333333333334,0.0015567059238447613,0.0,0.0,3
10000,protocol,CPU,2746.8173,13.1586759679689,0.36400000000000005,0.0017578395831246974,0.3637666666666666,0.001700980109623081,0.0,0.0,3
10000,protocol,CUDA,4187.024633333333,100.50722622305959,0.23883333333333334,0.005688878038184092,0.2384666666666667,0.005695904961753953,0.0,0.0,3
10000,wash,CPU,2683.3008666666665,102.27238230687368,0.373,0.01407551064793034,0.3727666666666667,0.014032224817659311,0.0,0.0,3
10000,wash,CUDA,3899.0285000000003,180.5927085917646,0.2568,0.012194670967270903,0.25643333333333335,0.01217428984924102,0.0,0.0,3
50000,concentrate,CPU,547.106,2.2569101643618974,1.8277999999999999,0.007531932023060289,1.8274,0.007531932023060369,0.0,0.0,3
50000,concentrate,CUDA,1414.8237,15.897913136006212,0.7068,0.007932212806020812,0.7061000000000001,0.007835177087979588,0.0,0.0,3
50000,harvest,CPU,538.6124,2.0135535552848065,1.8566,0.006921704992268761,1.8562333333333332,0.006957969052340808,0.0,0.0,3
50000,harvest,CUDA,1446.4126333333334,19.305669501297608,0.6913666666666667,0.009196376097862278,0.6907666666666668,0.009233814668561087,0.0,0.0,3
50000,load,CPU,544.2376666666667,7.007058233191266,1.8376000000000001,0.02378423847845439,1.8372666666666666,0.02372895558875977,0.0,0.0,3
50000,load,CUDA,1484.3377666666668,95.3117884752108,0.6754333333333333,0.042902020154455774,0.6748333333333334,0.04280237532349504,0.0,0.0,3
50000,protocol,CPU,556.9214000000001,0.6493563890499274,1.7955333333333332,0.0021361959960016367,1.7951333333333335,0.0020502032419575985,0.0,0.0,3
50000,protocol,CUDA,1620.2377999999999,37.603649621944825,0.6173666666666667,0.014480791875216432,0.6167666666666667,0.014385525132345088,0.0,0.0,3
50000,wash,CPU,540.9648000000001,1.2393422812120798,1.8484999999999998,0.004243819034784699,1.8480666666666667,0.004215843134336715,0.0,0.0,3
50000,wash,CUDA,1588.9465333333335,25.162904361248472,0.6293666666666667,0.009914299437344636,0.6289,0.0099594176536583,0.0,0.0,3
100000,concentrate,CPU,271.93353333333334,0.7732208244307371,3.6773333333333333,0.010469638643875623,3.676933333333333,0.010469638643875623,0.0,0.0,3
100000,concentrate,CUDA,906.1192333333333,7.927134015098629,1.1035666666666666,0.009669712163933999,1.1029666666666667,0.00966971216393396,0.0,0.0,3
100000,harvest,CPU,269.79836666666665,1.0308569121528808,3.706466666666666,0.014186025988039542,3.7060666666666666,0.014186025988039542,0.0,0.0,3
100000,harvest,CUDA,947.8389999999999,32.13769465020791,1.0557666666666667,0.03541134469818025,1.0551666666666666,0.0353135007232834,0.0,0.0,3
100000,load,CPU,271.58936666666665,2.9263477857789315,3.682233333333333,0.03991745649879693,3.6818333333333335,0.039917456498796654,0.0,0.0,3
100000,load,CUDA,930.3511,14.918940664805929,1.0749333333333333,0.017419624948124768,1.0744666666666667,0.017394347740956908,0.0,0.0,3
100000,protocol,CPU,271.35613333333333,2.263899274113857,3.6853,0.03086470476126429,3.6848333333333336,0.030827639113842807,0.0,0.0,3
100000,protocol,CUDA,901.4501333333333,16.853937426409722,1.1095333333333333,0.02063791010091216,1.1088666666666667,0.020647598730441575,0.0,0.0,3
100000,wash,CPU,271.0668,1.9561485015202744,3.6892,0.026505093850050943,3.6888,0.026505093850050787,0.0,0.0,3
100000,wash,CUDA,898.8898666666668,15.368109335351967,1.1126,0.018888356201639055,1.1120333333333334,0.018833569320055407,0.0,0.0,3
200000,concentrate,CPU,134.3063,0.700028449421884,7.445766666666667,0.038813700330338964,7.4452,0.03881043674064969,0.0,0.0,3
200000,concentrate,CUDA,492.7515,15.522192125147784,2.0306666666666664,0.06289708525308088,2.0301,0.06283979630775395,0.0,0.0,3
200000,harvest,CPU,134.51486666666668,0.5334371596854998,7.434166666666667,0.029555428153443287,7.433633333333333,0.02947105925027664,0.0,0.0,3
200000,harvest,CUDA,535.4076333333334,16.961762933531762,1.8688666666666667,0.0581809533553149,1.8683666666666667,0.05818095335531507,0.0,0.0,3
200000,load,CPU,134.76343333333332,2.0755142503325064,7.4215333333333335,0.11527659490691643,7.420999999999999,0.11530945321178154,0.0,0.0,3
200000,load,CUDA,502.1224333333333,15.522658197722883,1.9927333333333335,0.06155829215737981,1.9922333333333333,0.06145830564971142,0.0,0.0,3
200000,protocol,CPU,134.78163333333333,1.309553390791423,7.419833333333333,0.07190982779379576,7.4189333333333325,0.07187505362316868,0.0,0.0,3
200000,protocol,CUDA,520.5776999999999,9.30963557342607,1.9212666666666667,0.03413463539183242,1.9206,0.03407975938882198,0.0,0.0,3
200000,wash,CPU,134.81793333333334,0.3610938151413445,7.417366666666666,0.019863114895033784,7.416833333333333,0.019817248379463213,0.0,0.0,3
200000,wash,CUDA,494.3784666666666,24.55429196542497,2.025933333333333,0.09830820582908306,2.0253,0.09826957820200523,0.0,0.0,3
