monthly_investment,500.0
years,10
goal,income
growth_basis,5y

ticker,price_now,cagr_3y,cagr_5y,dividend_yield,current_holding,reinvest_dividends
A,111.3,0.0,0.0,0.0,0.0,1
AA,56.45,0.0,0.0,0.0,0.0,1
AAL,10.43,0.0,0.0,0.0,0.0,1
AAON,80.01,0.0,0.0,0.0,0.0,1
AAPL,247.99,0.11,0.14,0.005,0.0,1
ABBV,205.07,0.0,0.0,0.0,0.0,1
ABNB,128.52,0.0,0.0,0.0,0.0,1
ABT,105.46,0.0,0.0,0.0,0.0,1
ACGL,92.3,0.0,0.0,0.0,0.0,1
ACHC,22.73,0.0,0.0,0.0,0.0,1
ACI,17.29,0.0,0.0,0.0,0.0,1
ACM,88.58,0.0,0.0,0.0,0.0,1
ACN,199.99,0.0,0.0,0.0,0.0,1
ADBE,248.15,0.0,0.0,0.0,0.0,1
ADC,76.15,0.0,0.0,0.0,0.0,1
ADI,309.43,0.0,0.0,0.0,0.0,1
ADM,66.17,0.0,0.0,0.0,0.0,1
ADP,208.69,0.0,0.0,0.0,0.0,1
ADSK,247.99,0.0,0.0,0.0,0.0,1
ADT,6.51,0.0,0.0,0.0,0.0,1
AEE,106.06,0.0,0.0,0.0,0.0,1
AEP,125.66,0.0,0.0,0.0,0.0,1
AES,14.1,0.0,0.0,0.0,0.0,1
AFG,124.18,0.0,0.0,0.0,0.0,1
AFL,106.22,0.0,0.0,0.0,0.0,1
AFRM,43.81,0.0,0.0,0.0,0.0,1
AGCO,109.26,0.0,0.0,0.0,0.0,1
AGNC,9.75,0.0,0.0,0.0,0.0,1
AGO,80.81,0.0,0.0,0.0,0.0,1
AIG,74.39,0.0,0.0,0.0,0.0,1
AIT,253.77,0.0,0.0,0.0,0.0,1
AIZ,212.81,0.0,0.0,0.0,0.0,1
AJG,214.82,0.0,0.0,0.0,0.0,1
AKAM,110.48,0.0,0.0,0.0,0.0,1
AL,64.61,0.0,0.0,0.0,0.0,1
ALAB,116.04,0.0,0.0,0.0,0.0,1
ALB,156.7,0.0,0.0,0.0,0.0,1
ALGM,29.95,0.0,0.0,0.0,0.0,1
ALGN,173.18,0.0,0.0,0.0,0.0,1
ALK,36.91,0.0,0.0,0.0,0.0,1
ALL,205.62,0.0,0.0,0.0,0.0,1
ALLE,142.49,0.0,0.0,0.0,0.0,1
ALLY,38.43,0.0,0.0,0.0,0.0,1
ALNY,312.17,0.0,0.0,0.0,0.0,1
ALSN,110.7,0.0,0.0,0.0,0.0,1
AM,22.65,0.0,0.0,0.0,0.0,1
AMAT,357.06,0.0,0.0,0.0,0.0,1
AMCR,38.28,0.0,0.0,0.0,0.0,1
AMD,201.33,0.0,0.0,0.0,0.0,1
AME,209.37,0.0,0.0,0.0,0.0,1
AMG,278.17,0.0,0.0,0.0,0.0,1
AMGN,347.8,0.0,0.0,0.0,0.0,1
AMH,27.38,0.0,0.0,0.0,0.0,1
AMKR,45.81,0.0,0.0,0.0,0.0,1
AMP,438.94,0.0,0.0,0.0,0.0,1
AMT,176.79,0.0,0.0,0.0,0.0,1
AMTM,26.8,0.0,0.0,0.0,0.0,1
AMZN,205.37,0.0,0.0,0.0,0.0,1
AN,181.46,0.0,0.0,0.0,0.0,1
ANET,131.22,0.0,0.0,0.0,0.0,1
AON,325.63,0.0,0.0,0.0,0.0,1
AOS,64.09,0.0,0.0,0.0,0.0,1
APA,39.11,0.0,0.0,0.0,0.0,1
APD,281.01,0.0,0.0,0.0,0.0,1
APG,39.5,0.0,0.0,0.0,0.0,1
APH,126.74,0.0,0.0,0.0,0.0,1
APLS,17.21,0.0,0.0,0.0,0.0,1
APO,112.0,0.0,0.0,0.0,0.0,1
APP,442.39,0.0,0.0,0.0,0.0,1
APPF,166.1,0.0,0.0,0.0,0.0,1
APTV,68.1,0.0,0.0,0.0,0.0,1
AR,43.09,0.0,0.0,0.0,0.0,1
ARE,47.39,0.0,0.0,0.0,0.0,1
ARES,105.87,0.0,0.0,0.0,0.0,1
ARMK,38.88,0.0,0.0,0.0,0.0,1
ARW,136.64,0.0,0.0,0.0,0.0,1
AS,30.74,0.0,0.0,0.0,0.0,1
ASH,48.81,0.0,0.0,0.0,0.0,1
ASTS,89.93,0.0,0.0,0.0,0.0,1
ATI,141.8,0.0,0.0,0.0,0.0,1
ATO,180.49,0.0,0.0,0.0,0.0,1
ATR,121.06,0.0,0.0,0.0,0.0,1
AU,79.99,0.0,0.0,0.0,0.0,1
AUR,4.13,0.0,0.0,0.0,0.0,1
AVB,161.37,0.0,0.0,0.0,0.0,1
AVGO,310.51,0.0,0.0,0.0,0.0,1
AVT,58.45,0.0,0.0,0.0,0.0,1
AVTR,7.51,0.0,0.0,0.0,0.0,1
AVY,161.16,0.0,0.0,0.0,0.0,1
AWI,163.86,0.0,0.0,0.0,0.0,1
AWK,135.79,0.0,0.0,0.0,0.0,1
AXON,496.27,0.0,0.0,0.0,0.0,1
AXP,295.5,0.0,0.0,0.0,0.0,1
AXS,99.57,0.0,0.0,0.0,0.0,1
AXTA,25.44,0.0,0.0,0.0,0.0,1
AYI,267.87,0.0,0.0,0.0,0.0,1
AZO,3282.8999,0.0,0.0,0.0,0.0,1
BA,195.12,0.0,0.0,0.0,0.0,1
BAC,47.16,0.0,0.0,0.0,0.0,1
BAH,79.95,0.0,0.0,0.0,0.0,1
BALL,57.06,0.0,0.0,0.0,0.0,1
BAM,42.9,0.0,0.0,0.0,0.0,1
BAX,16.15,0.0,0.0,0.0,0.0,1
BBWI,19.41,0.0,0.0,0.0,0.0,1
BBY,62.8,0.0,0.0,0.0,0.0,1
BC,70.47,0.0,0.0,0.0,0.0,1
BDX,154.13,0.0,0.0,0.0,0.0,1
BEN,23.46,0.0,0.0,0.0,0.0,1
BEPC,38.58,0.0,0.0,0.0,0.0,1
BF.A,23.33,0.0,0.0,0.0,0.0,1
BFAM,77.33,0.0,0.0,0.0,0.0,1
BF.B,22.8,0.0,0.0,0.0,0.0,1
BG,118.15,0.0,0.0,0.0,0.0,1
BHF,59.35,0.0,0.0,0.0,0.0,1
BIIB,181.46,0.0,0.0,0.0,0.0,1
BILL,39.85,0.0,0.0,0.0,0.0,1
BIO,264.49,0.0,0.0,0.0,0.0,1
BIRK,33.34,0.0,0.0,0.0,0.0,1
BJ,97.04,0.0,0.0,0.0,0.0,1
BK,114.94,0.0,0.0,0.0,0.0,1
BKNG,4324.04,0.0,0.0,0.0,0.0,1
BKR,60.35,0.0,0.0,0.0,0.0,1
BLD,335.44,0.0,0.0,0.0,0.0,1
BLDR,81.22,0.0,0.0,0.0,0.0,1
BLK,957.91,0.0,0.0,0.0,0.0,1
BLSH,37.97,0.0,0.0,0.0,0.0,1
BMRN,54.13,0.0,0.0,0.0,0.0,1
BMY,57.48,0.0,0.0,0.0,0.0,1
BOKF,125.07,0.0,0.0,0.0,0.0,1
BPOP,130.48,0.0,0.0,0.0,0.0,1
BR,174.36,0.0,0.0,0.0,0.0,1
BRBR,17.22,0.0,0.0,0.0,0.0,1
BRK.B,480.94,0.0,0.0,0.0,0.0,1
BRKR,33.35,0.0,0.0,0.0,0.0,1
BRO,67.05,0.0,0.0,0.0,0.0,1
BROS,50.0,0.0,0.0,0.0,0.0,1
BRX,28.71,0.0,0.0,0.0,0.0,1
BSX,69.48,0.0,0.0,0.0,0.0,1
BSY,37.85,0.0,0.0,0.0,0.0,1
BURL,310.38,0.0,0.0,0.0,0.0,1
BWA,52.23,0.0,0.0,0.0,0.0,1
BWXT,199.75,0.0,0.0,0.0,0.0,1
BX,110.43,0.0,0.0,0.0,0.0,1
BXP,52.08,0.0,0.0,0.0,0.0,1
BYD,81.06,0.0,0.0,0.0,0.0,1
C,109.52,0.0,0.0,0.0,0.0,1
CACC,431.18,0.0,0.0,0.0,0.0,1
CACI,606.38,0.0,0.0,0.0,0.0,1
CAG,15.16,0.0,0.0,0.0,0.0,1
CAH,207.83,0.0,0.0,0.0,0.0,1
CAI,18.41,0.0,0.0,0.0,0.0,1
CAR,99.9,0.0,0.0,0.0,0.0,1
CARR,58.07,0.0,0.0,0.0,0.0,1
CART,36.93,0.0,0.0,0.0,0.0,1
CASY,659.63,0.0,0.0,0.0,0.0,1
CAT,680.88,0.0,0.0,0.0,0.0,1
CAVA,84.27,0.0,0.0,0.0,0.0,1
CB,322.58,0.0,0.0,0.0,0.0,1
CBOE,283.95,0.0,0.0,0.0,0.0,1
CBRE,131.99,0.0,0.0,0.0,0.0,1
CBSH,47.68,0.0,0.0,0.0,0.0,1
CCC,6.21,0.0,0.0,0.0,0.0,1
CCI,82.36,0.0,0.0,0.0,0.0,1
CCK,98.44,0.0,0.0,0.0,0.0,1
CCL,24.12,0.0,0.0,0.0,0.0,1
CDNS,283.9,0.0,0.0,0.0,0.0,1
CDW,120.27,0.0,0.0,0.0,0.0,1
CE,56.95,0.0,0.0,0.0,0.0,1
CEG,281.99,0.0,0.0,0.0,0.0,1
CELH,41.51,0.0,0.0,0.0,0.0,1
CERT,6.15,0.0,0.0,0.0,0.0,1
CF,124.9,0.0,0.0,0.0,0.0,1
CFG,57.02,0.0,0.0,0.0,0.0,1
CFR,132.25,0.0,0.0,0.0,0.0,1
CG,47.13,0.0,0.0,0.0,0.0,1
CGNX,49.24,0.0,0.0,0.0,0.0,1
CHD,94.69,0.0,0.0,0.0,0.0,1
CHDN,83.73,0.0,0.0,0.0,0.0,1
CHE,377.99,0.0,0.0,0.0,0.0,1
CHH,97.63,0.0,0.0,0.0,0.0,1
CHRD,131.91,0.0,0.0,0.0,0.0,1
CHRW,168.88,0.0,0.0,0.0,0.0,1
CHTR,213.01,0.0,0.0,0.0,0.0,1
CHWY,23.37,0.0,0.0,0.0,0.0,1
CI,262.84,0.0,0.0,0.0,0.0,1
CIEN,383.89,0.0,0.0,0.0,0.0,1
CINF,158.43,0.0,0.0,0.0,0.0,1
CL,85.12,0.0,0.0,0.0,0.0,1
CLF,7.82,0.0,0.0,0.0,0.0,1
CLH,275.88,0.0,0.0,0.0,0.0,1
CLVT,2.49,0.0,0.0,0.0,0.0,1
CLX,106.15,0.0,0.0,0.0,0.0,1
CMCSA,29.02,0.0,0.0,0.0,0.0,1
CME,307.32,0.0,0.0,0.0,0.0,1
CMG,33.37,0.0,0.0,0.0,0.0,1
CMI,533.54,0.0,0.0,0.0,0.0,1
CMS,74.42,0.0,0.0,0.0,0.0,1
CNA,45.36,0.0,0.0,0.0,0.0,1
CNC,34.4,0.0,0.0,0.0,0.0,1
CNH,9.94,0.0,0.0,0.0,0.0,1
CNM,47.4,0.0,0.0,0.0,0.0,1
CNP,42.02,0.0,0.0,0.0,0.0,1
CNXC,31.52,0.0,0.0,0.0,0.0,1
COF,181.46,0.0,0.0,0.0,0.0,1
COHR,253.63,0.0,0.0,0.0,0.0,1
COIN,197.5,0.0,0.0,0.0,0.0,1
COKE,201.45,0.0,0.0,0.0,0.0,1
COLB,26.14,0.0,0.0,0.0,0.0,1
COLD,11.25,0.0,0.0,0.0,0.0,1
COLM,55.23,0.0,0.0,0.0,0.0,1
COO,69.96,0.0,0.0,0.0,0.0,1
COP,126.92,0.0,0.0,0.0,0.0,1
COR,326.91,0.0,0.0,0.0,0.0,1
CORT,34.64,0.0,0.0,0.0,0.0,1
COST,972.33,0.0,0.0,0.0,0.0,1
COTY,2.14,0.0,0.0,0.0,0.0,1
CPAY,287.46,0.0,0.0,0.0,0.0,1
CPB,21.07,0.0,0.0,0.0,0.0,1
CPNG,18.83,0.0,0.0,0.0,0.0,1
CPRT,32.86,0.0,0.0,0.0,0.0,1
CPT,97.36,0.0,0.0,0.0,0.0,1
CR,167.93,0.0,0.0,0.0,0.0,1
CRCL,126.03,0.0,0.0,0.0,0.0,1
CRH,100.47,0.0,0.0,0.0,0.0,1
CRL,153.6,0.0,0.0,0.0,0.0,1
CRM,195.38,0.0,0.0,0.0,0.0,1
CROX,75.78,0.0,0.0,0.0,0.0,1
CRS,362.4,0.0,0.0,0.0,0.0,1
CRUS,136.07,0.0,0.0,0.0,0.0,1
CRWD,409.0,0.0,0.0,0.0,0.0,1
CSCO,77.65,0.0,0.0,0.0,0.0,1
CSGP,42.9,0.0,0.0,0.0,0.0,1
CSL,327.52,0.0,0.0,0.0,0.0,1
CSX,38.17,0.0,0.0,0.0,0.0,1
CTAS,179.34,0.0,0.0,0.0,0.0,1
CTRA,33.97,0.0,0.0,0.0,0.0,1
CTSH,62.07,0.0,0.0,0.0,0.0,1
CTVA,77.33,0.0,0.0,0.0,0.0,1
CUBE,36.69,0.0,0.0,0.0,0.0,1
CUZ,21.85,0.0,0.0,0.0,0.0,1
CVNA,281.28,0.0,0.0,0.0,0.0,1
CVS,71.48,0.0,0.0,0.0,0.0,1
CVX,201.73,0.0,0.0,0.0,0.0,1
CW,671.19,0.0,0.0,0.0,0.0,1
CWEN,37.44,0.0,0.0,0.0,0.0,1
CWE.A,37.26,0.0,0.0,0.0,0.0,1
CXT,40.37,0.0,0.0,0.0,0.0,1
CZR,26.76,0.0,0.0,0.0,0.0,1
D,59.38,0.0,0.0,0.0,0.0,1
DAL,63.44,0.0,0.0,0.0,0.0,1
DAR,55.14,0.0,0.0,0.0,0.0,1
DASH,156.64,0.0,0.0,0.0,0.0,1
DBX,25.02,0.0,0.0,0.0,0.0,1
DCI,83.65,0.0,0.0,0.0,0.0,1
DD,42.44,0.0,0.0,0.0,0.0,1
DDOG,125.08,0.0,0.0,0.0,0.0,1
DDS,591.0,0.0,0.0,0.0,0.0,1
DE,559.73,0.0,0.0,0.0,0.0,1
DECK,100.43,0.0,0.0,0.0,0.0,1
DELL,157.67,0.0,0.0,0.0,0.0,1
DG,124.52,0.0,0.0,0.0,0.0,1
DGX,195.26,0.0,0.0,0.0,0.0,1
DHI,133.12,0.0,0.0,0.0,0.0,1
DHR,189.35,0.0,0.0,0.0,0.0,1
DINO,60.22,0.0,0.0,0.0,0.0,1
DIS,99.51,0.0,0.0,0.0,0.0,1
DJT,8.58,0.0,0.0,0.0,0.0,1
DKNG,23.67,0.0,0.0,0.0,0.0,1
DKS,190.01,0.0,0.0,0.0,0.0,1
DLB,60.33,0.0,0.0,0.0,0.0,1
DLR,173.3,0.0,0.0,0.0,0.0,1
DLTR,105.92,0.0,0.0,0.0,0.0,1
DOC,17.05,0.0,0.0,0.0,0.0,1
DOCS,24.41,0.0,0.0,0.0,0.0,1
DOCU,47.23,0.0,0.0,0.0,0.0,1
DOV,209.37,0.0,0.0,0.0,0.0,1
DOW,36.65,0.0,0.0,0.0,0.0,1
DOX,64.83,0.0,0.0,0.0,0.0,1
DPZ,373.35,0.0,0.0,0.0,0.0,1
DRI,203.05,0.0,0.0,0.0,0.0,1
DRS,43.82,0.0,0.0,0.0,0.0,1
DT,38.05,0.0,0.0,0.0,0.0,1
DTE,141.57,0.0,0.0,0.0,0.0,1
DTM,131.93,0.0,0.0,0.0,0.0,1
DUK,126.81,0.0,0.0,0.0,0.0,1
DUOL,98.05,0.0,0.0,0.0,0.0,1
DV,10.05,0.0,0.0,0.0,0.0,1
DVA,149.31,0.0,0.0,0.0,0.0,1
DVN,48.66,0.0,0.0,0.0,0.0,1
DXC,11.9,0.0,0.0,0.0,0.0,1
DXCM,66.95,0.0,0.0,0.0,0.0,1
EA,200.51,0.0,0.0,0.0,0.0,1
EBAY,88.98,0.0,0.0,0.0,0.0,1
ECG,110.95,0.0,0.0,0.0,0.0,1
ECL,256.48,0.0,0.0,0.0,0.0,1
ED,109.45,0.0,0.0,0.0,0.0,1
EEFT,66.53,0.0,0.0,0.0,0.0,1
EFX,178.02,0.0,0.0,0.0,0.0,1
EG,316.02,0.0,0.0,0.0,0.0,1
EGP,183.09,0.0,0.0,0.0,0.0,1
EHC,95.86,0.0,0.0,0.0,0.0,1
EIX,69.75,0.0,0.0,0.0,0.0,1
EL,85.92,0.0,0.0,0.0,0.0,1
ELAN,23.98,0.0,0.0,0.0,0.0,1
ELF,72.5,0.0,0.0,0.0,0.0,1
ELS,64.22,0.0,0.0,0.0,0.0,1
ELV,291.48,0.0,0.0,0.0,0.0,1
EME,724.93,0.0,0.0,0.0,0.0,1
EMN,65.33,0.0,0.0,0.0,0.0,1
EMR,128.15,0.0,0.0,0.0,0.0,1
ENPH,44.11,0.0,0.0,0.0,0.0,1
ENTG,114.66,0.0,0.0,0.0,0.0,1
EOG,138.73,0.0,0.0,0.0,0.0,1
EPAM,137.43,0.0,0.0,0.0,0.0,1
EPR,50.46,0.0,0.0,0.0,0.0,1
EQH,37.35,0.0,0.0,0.0,0.0,1
EQIX,959.16,0.0,0.0,0.0,0.0,1
EQR,57.98,0.0,0.0,0.0,0.0,1
EQT,64.67,0.0,0.0,0.0,0.0,1
ES,66.67,0.0,0.0,0.0,0.0,1
ESAB,94.21,0.0,0.0,0.0,0.0,1
ESI,31.04,0.0,0.0,0.0,0.0,1
ESS,240.19,0.0,0.0,0.0,0.0,1
ESTC,53.31,0.0,0.0,0.0,0.0,1
ETN,356.8,0.0,0.0,0.0,0.0,1
ETR,99.9,0.0,0.0,0.0,0.0,1
ETSY,52.84,0.0,0.0,0.0,0.0,1
EVR,274.87,0.0,0.0,0.0,0.0,1
EVRG,78.7,0.0,0.0,0.0,0.0,1
EW,82.5,0.0,0.0,0.0,0.0,1
EWBC,103.53,0.0,0.0,0.0,0.0,1
EXAS,104.91,0.0,0.0,0.0,0.0,1
EXC,46.44,0.0,0.0,0.0,0.0,1
EXE,107.32,0.0,0.0,0.0,0.0,1
EXEL,41.27,0.0,0.0,0.0,0.0,1
EXLS,30.92,0.0,0.0,0.0,0.0,1
EXP,173.07,0.0,0.0,0.0,0.0,1
EXPD,146.35,0.0,0.0,0.0,0.0,1
EXPE,235.18,0.0,0.0,0.0,0.0,1
EXR,130.26,0.0,0.0,0.0,0.0,1
F,11.52,0.0,0.0,0.0,0.0,1
FAF,56.85,0.0,0.0,0.0,0.0,1
FANG,192.54,0.0,0.0,0.0,0.0,1
FAST,43.76,0.0,0.0,0.0,0.0,1
FBIN,38.68,0.0,0.0,0.0,0.0,1
FCN,174.2,0.0,0.0,0.0,0.0,1
FCNCA,1822.39,0.0,0.0,0.0,0.0,1
FCX,52.09,0.0,0.0,0.0,0.0,1
FDS,209.27,0.0,0.0,0.0,0.0,1
FDX,358.85,0.0,0.0,0.0,0.0,1
FE,48.54,0.0,0.0,0.0,0.0,1
FERG,217.56,0.0,0.0,0.0,0.0,1
FFIV,284.28,0.0,0.0,0.0,0.0,1
FHB,23.8,0.0,0.0,0.0,0.0,1
FHN,21.85,0.0,0.0,0.0,0.0,1
FICO,1127.62,0.0,0.0,0.0,0.0,1
FIGR,34.29,0.0,0.0,0.0,0.0,1
FIS,49.79,0.0,0.0,0.0,0.0,1
FISV,57.07,0.0,0.0,0.0,0.0,1
FITB,44.19,0.0,0.0,0.0,0.0,1
FIVE,227.42,0.0,0.0,0.0,0.0,1
FIX,1356.75,0.0,0.0,0.0,0.0,1
FLEX,61.64,0.0,0.0,0.0,0.0,1
FLO,8.18,0.0,0.0,0.0,0.0,1
FLS,71.4,0.0,0.0,0.0,0.0,1
FLUT,104.81,0.0,0.0,0.0,0.0,1
FMC,13.09,0.0,0.0,0.0,0.0,1
FNB,16.01,0.0,0.0,0.0,0.0,1
FND,50.1,0.0,0.0,0.0,0.0,1
FNF,43.26,0.0,0.0,0.0,0.0,1
FOUR,41.17,0.0,0.0,0.0,0.0,1
FOX,52.18,0.0,0.0,0.0,0.0,1
FOXA,57.82,0.0,0.0,0.0,0.0,1
FR,57.0,0.0,0.0,0.0,0.0,1
FRHC,138.76,0.0,0.0,0.0,0.0,1
FRMI,7.2,0.0,0.0,0.0,0.0,1
FRPT,64.54,0.0,0.0,0.0,0.0,1
FRT,103.15,0.0,0.0,0.0,0.0,1
FSLR,192.82,0.0,0.0,0.0,0.0,1
FTAI,230.03,0.0,0.0,0.0,0.0,1
FTI,65.26,0.0,0.0,0.0,0.0,1
FTNT,81.4,0.0,0.0,0.0,0.0,1
FTV,55.22,0.0,0.0,0.0,0.0,1
FWONA,74.51,0.0,0.0,0.0,0.0,1
FWONK,81.42,0.0,0.0,0.0,0.0,1
G,38.7,0.0,0.0,0.0,0.0,1
GAP,23.91,0.0,0.0,0.0,0.0,1
GD,345.78,0.0,0.0,0.0,0.0,1
GDDY,84.89,0.0,0.0,0.0,0.0,1
GE,286.79,0.0,0.0,0.0,0.0,1
GEHC,69.65,0.0,0.0,0.0,0.0,1
GEN,20.97,0.0,0.0,0.0,0.0,1
GEV,851.07,0.0,0.0,0.0,0.0,1
GFS,43.08,0.0,0.0,0.0,0.0,1
GGG,83.89,0.0,0.0,0.0,0.0,1
GILD,137.21,0.0,0.0,0.0,0.0,1
GIS,37.01,0.0,0.0,0.0,0.0,1
GL,136.8,0.0,0.0,0.0,0.0,1
GLIBA,35.38,0.0,0.0,0.0,0.0,1
GLIBK,35.4,0.0,0.0,0.0,0.0,1
GLOB,44.71,0.0,0.0,0.0,0.0,1
GLPI,46.04,0.0,0.0,0.0,0.0,1
GLW,124.58,0.0,0.0,0.0,0.0,1
GM,72.81,0.0,0.0,0.0,0.0,1
GME,22.57,0.0,0.0,0.0,0.0,1
GMED,86.26,0.0,0.0,0.0,0.0,1
GNRC,199.31,0.0,0.0,0.0,0.0,1
GNTX,20.7,0.0,0.0,0.0,0.0,1
GOOG,298.79,0.0,0.0,0.0,0.0,1
GOOGL,301.0,0.0,0.0,0.0,0.0,1
GPC,96.38,0.0,0.0,0.0,0.0,1
GPK,8.91,0.0,0.0,0.0,0.0,1
GPN,68.5,0.0,0.0,0.0,0.0,1
GRMN,232.36,0.0,0.0,0.0,0.0,1
GS,813.53,0.0,0.0,0.0,0.0,1
GTES,21.74,0.0,0.0,0.0,0.0,1
GTLB,22.25,0.0,0.0,0.0,0.0,1
GTM,5.91,0.0,0.0,0.0,0.0,1
GWRE,155.61,0.0,0.0,0.0,0.0,1
GWW,1041.95,0.0,0.0,0.0,0.0,1
GXO,49.93,0.0,0.0,0.0,0.0,1
H,142.11,0.0,0.0,0.0,0.0,1
HAL,36.53,0.0,0.0,0.0,0.0,1
HALO,63.43,0.0,0.0,0.0,0.0,1
HAS,91.11,0.0,0.0,0.0,0.0,1
HAYW,13.64,0.0,0.0,0.0,0.0,1
HBAN,15.09,0.0,0.0,0.0,0.0,1
HCA,493.88,0.0,0.0,0.0,0.0,1
HD,320.75,0.0,0.0,0.0,0.0,1
HEI,275.16,0.0,0.0,0.0,0.0,1
HEI.A,209.42,0.0,0.0,0.0,0.0,1
HHH,61.65,0.0,0.0,0.0,0.0,1
HIG,132.65,0.0,0.0,0.0,0.0,1
HII,407.98,0.0,0.0,0.0,0.0,1
HIW,20.6,0.0,0.0,0.0,0.0,1
HLI,139.51,0.0,0.0,0.0,0.0,1
HLNE,99.59,0.0,0.0,0.0,0.0,1
HLT,292.58,0.0,0.0,0.0,0.0,1
HOG,17.58,0.0,0.0,0.0,0.0,1
HOLX,75.41,0.0,0.0,0.0,0.0,1
HON,221.5,0.0,0.0,0.0,0.0,1
HOOD,70.89,0.0,0.0,0.0,0.0,1
HPE,21.69,0.0,0.0,0.0,0.0,1
HPQ,18.27,0.0,0.0,0.0,0.0,1
HR,17.22,0.0,0.0,0.0,0.0,1
HRB,31.79,0.0,0.0,0.0,0.0,1
HRL,22.14,0.0,0.0,0.0,0.0,1
HSIC,72.29,0.0,0.0,0.0,0.0,1
HST,18.6,0.0,0.0,0.0,0.0,1
HSY,210.14,0.0,0.0,0.0,0.0,1
HUBB,475.74,0.0,0.0,0.0,0.0,1
HUBS,258.81,0.0,0.0,0.0,0.0,1
HUM,169.9,0.0,0.0,0.0,0.0,1
HUN,10.41,0.0,0.0,0.0,0.0,1
HWM,231.21,0.0,0.0,0.0,0.0,1
HXL,78.81,0.0,0.0,0.0,0.0,1
IAC,37.59,0.0,0.0,0.0,0.0,1
IBKR,65.47,0.0,0.0,0.0,0.0,1
IBM,241.77,0.0,0.0,0.0,0.0,1
ICE,158.43,0.0,0.0,0.0,0.0,1
IDA,135.48,0.0,0.0,0.0,0.0,1
IDXX,577.26,0.0,0.0,0.0,0.0,1
IEX,184.11,0.0,0.0,0.0,0.0,1
IFF,66.62,0.0,0.0,0.0,0.0,1
ILMN,124.33,0.0,0.0,0.0,0.0,1
INCY,90.78,0.0,0.0,0.0,0.0,1
INGM,22.13,0.0,0.0,0.0,0.0,1
INGR,109.16,0.0,0.0,0.0,0.0,1
INSM,136.0,0.0,0.0,0.0,0.0,1
INSP,53.72,0.0,0.0,0.0,0.0,1
INTC,43.87,0.0,0.0,0.0,0.0,1
INTU,455.56,0.0,0.0,0.0,0.0,1
INVH,24.39,0.0,0.0,0.0,0.0,1
IONS,70.99,0.0,0.0,0.0,0.0,1
IOT,33.13,0.0,0.0,0.0,0.0,1
IP,33.76,0.0,0.0,0.0,0.0,1
IPGP,115.36,0.0,0.0,0.0,0.0,1
IQV,166.07,0.0,0.0,0.0,0.0,1
IR,81.39,0.0,0.0,0.0,0.0,1
IRDM,25.4,0.0,0.0,0.0,0.0,1
IRM,99.61,0.0,0.0,0.0,0.0,1
ISRG,477.97,0.0,0.0,0.0,0.0,1
IT,161.41,0.0,0.0,0.0,0.0,1
ITT,182.69,0.0,0.0,0.0,0.0,1
ITW,257.68,0.0,0.0,0.0,0.0,1
IVZ,23.21,0.0,0.0,0.0,0.0,1
J,128.44,0.0,0.0,0.0,0.0,1
JAZZ,180.62,0.0,0.0,0.0,0.0,1
JBHT,199.93,0.0,0.0,0.0,0.0,1
JBL,253.63,0.0,0.0,0.0,0.0,1
JCI,129.7,0.0,0.0,0.0,0.0,1
JEF,38.13,0.0,0.0,0.0,0.0,1
JHG,50.43,0.0,0.0,0.0,0.0,1
JHX,18.96,0.0,0.0,0.0,0.0,1
JKHY,165.38,0.0,0.0,0.0,0.0,1
JLL,293.8,0.0,0.0,0.0,0.0,1
JNJ,235.37,0.0,0.0,0.0,0.0,1
JPM,286.56,0.0,0.0,0.0,0.0,1
KBR,37.29,0.0,0.0,0.0,0.0,1
KD,12.21,0.0,0.0,0.0,0.0,1
KDP,26.59,0.0,0.0,0.0,0.0,1
KEX,130.52,0.0,0.0,0.0,0.0,1
KEY,19.41,0.0,0.0,0.0,0.0,1
KEYS,277.53,0.0,0.0,0.0,0.0,1
KHC,21.57,0.0,0.0,0.0,0.0,1
KIM,22.34,0.0,0.0,0.0,0.0,1
KKR,90.0,0.0,0.0,0.0,0.0,1
KLAC,1498.67,0.0,0.0,0.0,0.0,1
KMB,98.2,0.0,0.0,0.0,0.0,1
KMI,32.84,0.0,0.0,0.0,0.0,1
KMPR,29.69,0.0,0.0,0.0,0.0,1
KMX,41.86,0.0,0.0,0.0,0.0,1
KNSL,328.21,0.0,0.0,0.0,0.0,1
KNX,53.28,0.0,0.0,0.0,0.0,1
KO,74.75,0.06,0.07,0.03,0.0,1
KR,73.2,0.0,0.0,0.0,0.0,1
KRC,28.21,0.0,0.0,0.0,0.0,1
KRMN,99.38,0.0,0.0,0.0,0.0,1
KVUE,17.4,0.0,0.0,0.0,0.0,1
L,105.6,0.0,0.0,0.0,0.0,1
LAD,243.0,0.0,0.0,0.0,0.0,1
LAMR,124.57,0.0,0.0,0.0,0.0,1
LAZ,39.25,0.0,0.0,0.0,0.0,1
LBRDA,49.47,0.0,0.0,0.0,0.0,1
LBRDK,49.48,0.0,0.0,0.0,0.0,1
LBTYA,11.69,0.0,0.0,0.0,0.0,1
LBTYK,11.37,0.0,0.0,0.0,0.0,1
LCID,10.06,0.0,0.0,0.0,0.0,1
LDOS,165.87,0.0,0.0,0.0,0.0,1
LEA,113.48,0.0,0.0,0.0,0.0,1
LECO,249.72,0.0,0.0,0.0,0.0,1
LEN,90.55,0.0,0.0,0.0,0.0,1
LEN.B,86.28,0.0,0.0,0.0,0.0,1
LFUS,320.65,0.0,0.0,0.0,0.0,1
LH,263.0,0.0,0.0,0.0,0.0,1
LHX,352.85,0.0,0.0,0.0,0.0,1
LII,467.88,0.0,0.0,0.0,0.0,1
LIN,488.15,0.0,0.0,0.0,0.0,1
LINE,35.13,0.0,0.0,0.0,0.0,1
LITE,706.35,0.0,0.0,0.0,0.0,1
LKQ,28.26,0.0,0.0,0.0,0.0,1
LLY,906.7,0.0,0.0,0.0,0.0,1
LLYVA,87.58,0.0,0.0,0.0,0.0,1
LLYVK,90.09,0.0,0.0,0.0,0.0,1
LMT,627.43,0.0,0.0,0.0,0.0,1
LNC,33.81,0.0,0.0,0.0,0.0,1
LNG,280.89,0.0,0.0,0.0,0.0,1
LNT,68.71,0.0,0.0,0.0,0.0,1
LOAR,59.23,0.0,0.0,0.0,0.0,1
LOPE,162.45,0.0,0.0,0.0,0.0,1
LOW,224.63,0.0,0.0,0.0,0.0,1
LPLA,293.08,0.0,0.0,0.0,0.0,1
LPX,69.92,0.0,0.0,0.0,0.0,1
LRCX,228.36,0.0,0.0,0.0,0.0,1
LSCC,88.62,0.0,0.0,0.0,0.0,1
LSTR,148.73,0.0,0.0,0.0,0.0,1
LULU,162.82,0.0,0.0,0.0,0.0,1
LUV,39.41,0.0,0.0,0.0,0.0,1
LVS,52.93,0.0,0.0,0.0,0.0,1
LW,40.0,0.0,0.0,0.0,0.0,1
LYB,73.32,0.0,0.0,0.0,0.0,1
LYFT,13.47,0.0,0.0,0.0,0.0,1
LYV,148.85,0.0,0.0,0.0,0.0,1
M,17.87,0.0,0.0,0.0,0.0,1
MA,496.32,0.0,0.0,0.0,0.0,1
MAA,121.79,0.0,0.0,0.0,0.0,1
MAN,26.62,0.0,0.0,0.0,0.0,1
MANH,137.32,0.0,0.0,0.0,0.0,1
MAR,319.76,0.0,0.0,0.0,0.0,1
MAS,58.84,0.0,0.0,0.0,0.0,1
MASI,178.24,0.0,0.0,0.0,0.0,1
MAT,14.83,0.0,0.0,0.0,0.0,1
MCD,308.85,0.0,0.0,0.0,0.0,1
MCHP,62.97,0.0,0.0,0.0,0.0,1
MCK,885.84,0.0,0.0,0.0,0.0,1
MCO,435.12,0.0,0.0,0.0,0.0,1
MDB,261.16,0.0,0.0,0.0,0.0,1
MDLZ,56.21,0.0,0.0,0.0,0.0,1
MDT,86.16,0.0,0.0,0.0,0.0,1
MDU,19.65,0.0,0.0,0.0,0.0,1
MEDP,452.51,0.0,0.0,0.0,0.0,1
MET,68.56,0.0,0.0,0.0,0.0,1
META,593.66,0.0,0.0,0.0,0.0,1
MGM,35.37,0.0,0.0,0.0,0.0,1
MHK,96.21,0.0,0.0,0.0,0.0,1
MIDD,135.81,0.0,0.0,0.0,0.0,1
MKC,53.23,0.0,0.0,0.0,0.0,1
MKL,1875.35,0.0,0.0,0.0,0.0,1
MKSI,227.13,0.0,0.0,0.0,0.0,1
MKTX,174.01,0.0,0.0,0.0,0.0,1
MLI,107.76,0.0,0.0,0.0,0.0,1
MLM,560.69,0.0,0.0,0.0,0.0,1
MMM,141.2,0.0,0.0,0.0,0.0,1
MNST,73.69,0.0,0.0,0.0,0.0,1
MO,64.47,0.0,0.0,0.0,0.0,1
MOH,139.41,0.0,0.0,0.0,0.0,1
MORN,179.07,0.0,0.0,0.0,0.0,1
MOS,23.59,0.0,0.0,0.0,0.0,1
MP,50.6,0.0,0.0,0.0,0.0,1
MPC,232.53,0.0,0.0,0.0,0.0,1
MPT,4.56,0.0,0.0,0.0,0.0,1
MPWR,1068.85,0.0,0.0,0.0,0.0,1
MRK,114.18,0.0,0.0,0.0,0.0,1
MRNA,51.38,0.0,0.0,0.0,0.0,1
MRP,28.25,0.0,0.0,0.0,0.0,1
MRSH,176.48,0.0,0.0,0.0,0.0,1
MRVL,87.91,0.0,0.0,0.0,0.0,1
MS,161.47,0.0,0.0,0.0,0.0,1
MSA,170.14,0.0,0.0,0.0,0.0,1
MSCI,552.63,0.0,0.0,0.0,0.0,1
MSFT,381.87,0.16,0.18,0.007,0.0,1
MSGS,307.31,0.0,0.0,0.0,0.0,1
MSI,452.35,0.0,0.0,0.0,0.0,1
MSM,85.72,0.0,0.0,0.0,0.0,1
MSTR,135.66,0.0,0.0,0.0,0.0,1
MTB,198.15,0.0,0.0,0.0,0.0,1
MTCH,31.06,0.0,0.0,0.0,0.0,1
MTD,1204.48,0.0,0.0,0.0,0.0,1
MTDR,58.5,0.0,0.0,0.0,0.0,1
MTG,25.66,0.0,0.0,0.0,0.0,1
MTN,131.22,0.0,0.0,0.0,0.0,1
MTSI,218.96,0.0,0.0,0.0,0.0,1
MTZ,300.58,0.0,0.0,0.0,0.0,1
MU,422.9,0.0,0.0,0.0,0.0,1
MUSA,473.17,0.0,0.0,0.0,0.0,1
NBIX,127.68,0.0,0.0,0.0,0.0,1
NCLH,18.95,0.0,0.0,0.0,0.0,1
NCNO,15.2,0.0,0.0,0.0,0.0,1
NDAQ,86.34,0.0,0.0,0.0,0.0,1
NDSN,262.73,0.0,0.0,0.0,0.0,1
NEE,89.5,0.0,0.0,0.0,0.0,1
NEM,95.8,0.0,0.0,0.0,0.0,1
NET,215.42,0.0,0.0,0.0,0.0,1
NEU,614.54,0.0,0.0,0.0,0.0,1
NFG,91.7,0.0,0.0,0.0,0.0,1
NFLX,91.82,0.0,0.0,0.0,0.0,1
NI,45.02,0.0,0.0,0.0,0.0,1
NIQ,10.66,0.0,0.0,0.0,0.0,1
NKE,52.37,0.0,0.0,0.0,0.0,1
NLY,20.79,0.0,0.0,0.0,0.0,1
NNN,42.46,0.0,0.0,0.0,0.0,1
NOC,706.95,0.0,0.0,0.0,0.0,1
NOV,18.68,0.0,0.0,0.0,0.0,1
NOW,110.38,0.0,0.0,0.0,0.0,1
NRG,145.8,0.0,0.0,0.0,0.0,1
NSA,37.12,0.0,0.0,0.0,0.0,1
NSC,281.09,0.0,0.0,0.0,0.0,1
NTAP,101.11,0.0,0.0,0.0,0.0,1
NTNX,39.48,0.0,0.0,0.0,0.0,1
NTRA,195.28,0.0,0.0,0.0,0.0,1
NTRS,135.74,0.0,0.0,0.0,0.0,1
NU,13.94,0.0,0.0,0.0,0.0,1
NUE,158.58,0.0,0.0,0.0,0.0,1
NVDA,172.7,0.0,0.0,0.0,0.0,1
NVR,6369.3799,0.0,0.0,0.0,0.0,1
NVST,24.89,0.0,0.0,0.0,0.0,1
NVT,116.3,0.0,0.0,0.0,0.0,1
NWL,3.36,0.0,0.0,0.0,0.0,1
NWS,27.39,0.0,0.0,0.0,0.0,1
NWSA,24.05,0.0,0.0,0.0,0.0,1
NXST,226.81,0.0,0.0,0.0,0.0,1
NYT,80.97,0.0,0.0,0.0,0.0,1
O,60.95,0.02,0.04,0.052,0.0,1
OC,99.96,0.0,0.0,0.0,0.0,1
ODFL,183.92,0.0,0.0,0.0,0.0,1
OGE,46.14,0.0,0.0,0.0,0.0,1
OGN,6.03,0.0,0.0,0.0,0.0,1
OHI,44.79,0.0,0.0,0.0,0.0,1
OKE,89.21,0.0,0.0,0.0,0.0,1
OKTA,78.41,0.0,0.0,0.0,0.0,1
OLED,94.72,0.0,0.0,0.0,0.0,1
OLLI,98.96,0.0,0.0,0.0,0.0,1
OLN,23.77,0.0,0.0,0.0,0.0,1
OMC,75.06,0.0,0.0,0.0,0.0,1
OMF,51.48,0.0,0.0,0.0,0.0,1
ON,59.26,0.0,0.0,0.0,0.0,1
ONON,37.66,0.0,0.0,0.0,0.0,1
ONTO,200.17,0.0,0.0,0.0,0.0,1
ORCL,149.68,0.0,0.0,0.0,0.0,1
ORI,37.91,0.0,0.0,0.0,0.0,1
ORLY,87.3,0.0,0.0,0.0,0.0,1
OSK,140.46,0.0,0.0,0.0,0.0,1
OTIS,79.54,0.0,0.0,0.0,0.0,1
OVV,56.97,0.0,0.0,0.0,0.0,1
OWL,9.12,0.0,0.0,0.0,0.0,1
OXY,60.71,0.0,0.0,0.0,0.0,1
OZK,43.84,0.0,0.0,0.0,0.0,1
PAG,140.6,0.0,0.0,0.0,0.0,1
PANW,162.95,0.0,0.0,0.0,0.0,1
PATH,12.06,0.0,0.0,0.0,0.0,1
PAYC,124.82,0.0,0.0,0.0,0.0,1
PAYX,92.55,0.0,0.0,0.0,0.0,1
PB,64.69,0.0,0.0,0.0,0.0,1
PCAR,111.26,0.0,0.0,0.0,0.0,1
PCG,17.32,0.0,0.0,0.0,0.0,1
PCOR,58.13,0.0,0.0,0.0,0.0,1
PCTY,112.52,0.0,0.0,0.0,0.0,1
PEG,79.44,0.0,0.0,0.0,0.0,1
PEGA,43.42,0.0,0.0,0.0,0.0,1
PEN,335.85,0.0,0.0,0.0,0.0,1
PENN,13.67,0.0,0.0,0.0,0.0,1
PEP,150.04,0.0,0.0,0.0,0.0,1
PFE,26.97,0.0,0.0,0.0,0.0,1
PFG,85.07,0.0,0.0,0.0,0.0,1
PFGC,81.03,0.0,0.0,0.0,0.0,1
PG,144.28,0.0,0.0,0.0,0.0,1
PGR,206.0,0.0,0.0,0.0,0.0,1
PH,894.41,0.0,0.0,0.0,0.0,1
PHM,114.55,0.0,0.0,0.0,0.0,1
PINS,18.68,0.0,0.0,0.0,0.0,1
PK,10.27,0.0,0.0,0.0,0.0,1
PKG,202.73,0.0,0.0,0.0,0.0,1
PLD,128.01,0.0,0.0,0.0,0.0,1
PLNT,74.34,0.0,0.0,0.0,0.0,1
PLTR,150.68,0.0,0.0,0.0,0.0,1
PM,163.11,0.0,0.0,0.0,0.0,1
PNC,201.71,0.0,0.0,0.0,0.0,1
PNFP,83.18,0.0,0.0,0.0,0.0,1
PNR,86.49,0.0,0.0,0.0,0.0,1
PNW,97.27,0.0,0.0,0.0,0.0,1
PODD,227.1,0.0,0.0,0.0,0.0,1
POOL,200.34,0.0,0.0,0.0,0.0,1
POST,96.72,0.0,0.0,0.0,0.0,1
PPC,35.23,0.0,0.0,0.0,0.0,1
PPG,97.22,0.0,0.0,0.0,0.0,1
PPL,36.55,0.0,0.0,0.0,0.0,1
PR,20.07,0.0,0.0,0.0,0.0,1
PRGO,9.25,0.0,0.0,0.0,0.0,1
PRI,245.55,0.0,0.0,0.0,0.0,1
PRMB,18.22,0.0,0.0,0.0,0.0,1
PRU,93.03,0.0,0.0,0.0,0.0,1
PSA,265.78,0.0,0.0,0.0,0.0,1
PSN,50.04,0.0,0.0,0.0,0.0,1
PSTG,62.63,0.0,0.0,0.0,0.0,1
PSX,175.47,0.0,0.0,0.0,0.0,1
PTC,149.81,0.0,0.0,0.0,0.0,1
PVH,63.27,0.0,0.0,0.0,0.0,1
PWR,555.39,0.0,0.0,0.0,0.0,1
PYPL,44.01,0.0,0.0,0.0,0.0,1
Q,107.59,0.0,0.0,0.0,0.0,1
QCOM,129.9,0.0,0.0,0.0,0.0,1
QGEN,39.93,0.0,0.0,0.0,0.0,1
QRVO,78.16,0.0,0.0,0.0,0.0,1
QS,6.59,0.0,0.0,0.0,0.0,1
QSR,73.75,0.0,0.0,0.0,0.0,1
QXO,18.64,0.0,0.0,0.0,0.0,1
R,191.78,0.0,0.0,0.0,0.0,1
RAL,40.8,0.0,0.0,0.0,0.0,1
RARE,19.87,0.0,0.0,0.0,0.0,1
RBA,94.98,0.0,0.0,0.0,0.0,1
RBC,531.11,0.0,0.0,0.0,0.0,1
RBLX,56.96,0.0,0.0,0.0,0.0,1
RBRK,49.28,0.0,0.0,0.0,0.0,1
RCL,263.65,0.0,0.0,0.0,0.0,1
RDDT,139.85,0.0,0.0,0.0,0.0,1
REG,74.87,0.0,0.0,0.0,0.0,1
REGN,732.87,0.0,0.0,0.0,0.0,1
REXR,33.97,0.0,0.0,0.0,0.0,1
REYN,20.8,0.0,0.0,0.0,0.0,1
RF,25.36,0.0,0.0,0.0,0.0,1
RGA,197.99,0.0,0.0,0.0,0.0,1
RGEN,113.88,0.0,0.0,0.0,0.0,1
RGLD,215.21,0.0,0.0,0.0,0.0,1
RH,127.65,0.0,0.0,0.0,0.0,1
RHI,23.29,0.0,0.0,0.0,0.0,1
RITM,8.77,0.0,0.0,0.0,0.0,1
RIVN,14.91,0.0,0.0,0.0,0.0,1
RJF,143.81,0.0,0.0,0.0,0.0,1
RKLB,67.23,0.0,0.0,0.0,0.0,1
RKT,13.65,0.0,0.0,0.0,0.0,1
RL,329.87,0.0,0.0,0.0,0.0,1
RLI,57.96,0.0,0.0,0.0,0.0,1
RMD,225.99,0.0,0.0,0.0,0.0,1
RNG,37.63,0.0,0.0,0.0,0.0,1
RNR,290.73,0.0,0.0,0.0,0.0,1
ROIV,27.7,0.0,0.0,0.0,0.0,1
ROK,355.11,0.0,0.0,0.0,0.0,1
ROKU,93.27,0.0,0.0,0.0,0.0,1
ROL,53.26,0.0,0.0,0.0,0.0,1
ROP,353.68,0.0,0.0,0.0,0.0,1
ROST,211.19,0.0,0.0,0.0,0.0,1
RPM,93.23,0.0,0.0,0.0,0.0,1
RPRX,45.36,0.0,0.0,0.0,0.0,1
RRC,44.47,0.0,0.0,0.0,0.0,1
RRX,175.4,0.0,0.0,0.0,0.0,1
RS,290.56,0.0,0.0,0.0,0.0,1
RSG,219.3,0.0,0.0,0.0,0.0,1
RTX,198.16,0.0,0.0,0.0,0.0,1
RVMD,95.78,0.0,0.0,0.0,0.0,1
RVTY,85.94,0.0,0.0,0.0,0.0,1
RYAN,34.68,0.0,0.0,0.0,0.0,1
RYN,19.5,0.0,0.0,0.0,0.0,1
S,14.17,0.0,0.0,0.0,0.0,1
SAIA,318.63,0.0,0.0,0.0,0.0,1
SAIC,96.74,0.0,0.0,0.0,0.0,1
SAIL,12.25,0.0,0.0,0.0,0.0,1
SAM,223.21,0.0,0.0,0.0,0.0,1
SARO,25.6,0.0,0.0,0.0,0.0,1
SBAC,174.15,0.0,0.0,0.0,0.0,1
SBUX,92.55,0.0,0.0,0.0,0.0,1
SCCO,152.71,0.0,0.0,0.0,0.0,1
SCHW,94.66,0.0,0.0,0.0,0.0,1
SCI,75.43,0.0,0.0,0.0,0.0,1
SEB,4922.29,0.0,0.0,0.0,0.0,1
SEE,41.89,0.0,0.0,0.0,0.0,1
SEIC,77.79,0.0,0.0,0.0,0.0,1
SF,70.77,0.0,0.0,0.0,0.0,1
SFD,23.12,0.0,0.0,0.0,0.0,1
SFM,81.8,0.0,0.0,0.0,0.0,1
SGI,71.87,0.0,0.0,0.0,0.0,1
SHC,13.5,0.0,0.0,0.0,0.0,1
SHW,303.53,0.0,0.0,0.0,0.0,1
SIRI,21.99,0.0,0.0,0.0,0.0,1
SITE,127.45,0.0,0.0,0.0,0.0,1
SJM,99.37,0.0,0.0,0.0,0.0,1
SLB,46.63,0.0,0.0,0.0,0.0,1
SLGN,38.06,0.0,0.0,0.0,0.0,1
SLM,19.73,0.0,0.0,0.0,0.0,1
SMCI,20.53,0.0,0.0,0.0,0.0,1
SMG,62.27,0.0,0.0,0.0,0.0,1
SMMT,15.51,0.0,0.0,0.0,0.0,1
SN,98.05,0.0,0.0,0.0,0.0,1
SNA,356.9,0.0,0.0,0.0,0.0,1
SNDK,709.71,0.0,0.0,0.0,0.0,1
SNDR,23.75,0.0,0.0,0.0,0.0,1
SNOW,168.02,0.0,0.0,0.0,0.0,1
SNPS,420.32,0.0,0.0,0.0,0.0,1
SNX,152.77,0.0,0.0,0.0,0.0,1
SO,93.39,0.0,0.0,0.0,0.0,1
SOFI,16.9,0.0,0.0,0.0,0.0,1
SOLS,67.05,0.0,0.0,0.0,0.0,1
SOLV,65.78,0.0,0.0,0.0,0.0,1
SON,50.67,0.0,0.0,0.0,0.0,1
SPG,184.52,0.0,0.0,0.0,0.0,1
SPGI,424.43,0.0,0.0,0.0,0.0,1
SPOT,474.54,0.0,0.0,0.0,0.0,1
SRE,91.72,0.0,0.0,0.0,0.0,1
SRPT,16.69,0.0,0.0,0.0,0.0,1
SSB,89.67,0.0,0.0,0.0,0.0,1
SSD,167.02,0.0,0.0,0.0,0.0,1
SSNC,71.38,0.0,0.0,0.0,0.0,1
ST,33.18,0.0,0.0,0.0,0.0,1
STAG,36.64,0.0,0.0,0.0,0.0,1
STE,220.03,0.0,0.0,0.0,0.0,1
STLD,163.95,0.0,0.0,0.0,0.0,1
STT,121.97,0.0,0.0,0.0,0.0,1
STWD,17.08,0.0,0.0,0.0,0.0,1
STZ,149.62,0.0,0.0,0.0,0.0,1
SUI,130.44,0.0,0.0,0.0,0.0,1
SW,36.21,0.0,0.0,0.0,0.0,1
SWK,67.28,0.0,0.0,0.0,0.0,1
SWKS,54.44,0.0,0.0,0.0,0.0,1
SYF,66.19,0.0,0.0,0.0,0.0,1
SYK,335.67,0.0,0.0,0.0,0.0,1
SYY,81.33,0.0,0.0,0.0,0.0,1
T,28.31,0.0,0.0,0.0,0.0,1
TAP,41.4,0.0,0.0,0.0,0.0,1
TDC,26.83,0.0,0.0,0.0,0.0,1
TDG,1177.39,0.0,0.0,0.0,0.0,1
TDY,616.18,0.0,0.0,0.0,0.0,1
TEAM,73.73,0.0,0.0,0.0,0.0,1
TECH,51.48,0.0,0.0,0.0,0.0,1
TEM,46.96,0.0,0.0,0.0,0.0,1
TER,290.83,0.0,0.0,0.0,0.0,1
TFC,44.16,0.0,0.0,0.0,0.0,1
TFSL,13.39,0.0,0.0,0.0,0.0,1
TFX,105.41,0.0,0.0,0.0,0.0,1
TGT,113.26,0.0,0.0,0.0,0.0,1
THC,200.35,0.0,0.0,0.0,0.0,1
THG,168.84,0.0,0.0,0.0,0.0,1
THO,75.2,0.0,0.0,0.0,0.0,1
TIGO,71.98,0.0,0.0,0.0,0.0,1
TJX,154.98,0.0,0.0,0.0,0.0,1
TKO,188.38,0.0,0.0,0.0,0.0,1
TKR,95.25,0.0,0.0,0.0,0.0,1
TLN,302.97,0.0,0.0,0.0,0.0,1
TMO,474.39,0.0,0.0,0.0,0.0,1
TMUS,208.47,0.0,0.0,0.0,0.0,1
TNL,68.57,0.0,0.0,0.0,0.0,1
TOL,132.0,0.0,0.0,0.0,0.0,1
TOST,27.46,0.0,0.0,0.0,0.0,1
TPG,40.07,0.0,0.0,0.0,0.0,1
TPL,519.41,0.0,0.0,0.0,0.0,1
TPR,140.88,0.0,0.0,0.0,0.0,1
TREX,35.99,0.0,0.0,0.0,0.0,1
TRGP,237.41,0.0,0.0,0.0,0.0,1
TRMB,65.71,0.0,0.0,0.0,0.0,1
TROW,86.19,0.0,0.0,0.0,0.0,1
TRU,70.55,0.0,0.0,0.0,0.0,1
TRV,296.6,0.0,0.0,0.0,0.0,1
TSCO,45.77,0.0,0.0,0.0,0.0,1
TSLA,367.96,0.0,0.0,0.0,0.0,1
TSN,58.18,0.0,0.0,0.0,0.0,1
TT,410.36,0.0,0.0,0.0,0.0,1
TTC,92.92,0.0,0.0,0.0,0.0,1
TTD,24.11,0.0,0.0,0.0,0.0,1
TTEK,30.4,0.0,0.0,0.0,0.0,1
TTWO,200.63,0.0,0.0,0.0,0.0,1
TW,125.15,0.0,0.0,0.0,0.0,1
TWLO,124.11,0.0,0.0,0.0,0.0,1
TXN,187.19,0.0,0.0,0.0,0.0,1
TXRH,170.89,0.0,0.0,0.0,0.0,1
TXT,88.77,0.0,0.0,0.0,0.0,1
TYL,350.2,0.0,0.0,0.0,0.0,1
U,18.39,0.0,0.0,0.0,0.0,1
UA,5.71,0.0,0.0,0.0,0.0,1
UAA,5.85,0.0,0.0,0.0,0.0,1
UAL,89.95,0.0,0.0,0.0,0.0,1
UBER,73.89,0.0,0.0,0.0,0.0,1
UDR,34.11,0.0,0.0,0.0,0.0,1
UGI,35.35,0.0,0.0,0.0,0.0,1
UHAL,42.19,0.0,0.0,0.0,0.0,1
UHA.B,39.91,0.0,0.0,0.0,0.0,1
UHS,185.82,0.0,0.0,0.0,0.0,1
UI,765.27,0.0,0.0,0.0,0.0,1
ULTA,529.97,0.0,0.0,0.0,0.0,1
UNH,275.59,0.0,0.0,0.0,0.0,1
UNM,72.52,0.0,0.0,0.0,0.0,1
UNP,234.92,0.0,0.0,0.0,0.0,1
UPS,95.86,0.0,0.0,0.0,0.0,1
URI,710.47,0.0,0.0,0.0,0.0,1
USB,51.25,0.0,0.0,0.0,0.0,1
USFD,89.4,0.0,0.0,0.0,0.0,1
UTHR,524.28,0.0,0.0,0.0,0.0,1
UWMC,3.56,0.0,0.0,0.0,0.0,1
V,301.62,0.0,0.0,0.0,0.0,1
VEEV,184.07,0.0,0.0,0.0,0.0,1
VFC,16.28,0.0,0.0,0.0,0.0,1
VICI,26.83,0.0,0.0,0.0,0.0,1
VIK,67.99,0.0,0.0,0.0,0.0,1
VIRT,41.63,0.0,0.0,0.0,0.0,1
VKTX,32.33,0.0,0.0,0.0,0.0,1
VLO,239.86,0.0,0.0,0.0,0.0,1
VLTO,88.63,0.0,0.0,0.0,0.0,1
VMC,258.4,0.0,0.0,0.0,0.0,1
VMI,391.96,0.0,0.0,0.0,0.0,1
VNO,25.41,0.0,0.0,0.0,0.0,1
VNOM,48.09,0.0,0.0,0.0,0.0,1
VNT,35.2,0.0,0.0,0.0,0.0,1
VOYA,67.15,0.0,0.0,0.0,0.0,1
VRSK,201.75,0.0,0.0,0.0,0.0,1
VRSN,240.78,0.0,0.0,0.0,0.0,1
VRT,255.88,0.0,0.0,0.0,0.0,1
VRTX,454.0,0.0,0.0,0.0,0.0,1
VSNT,36.23,0.0,0.0,0.0,0.0,1
VST,146.02,0.0,0.0,0.0,0.0,1
VTR,82.5,0.0,0.0,0.0,0.0,1
VTRS,13.2,0.0,0.0,0.0,0.0,1
VVV,32.74,0.0,0.0,0.0,0.0,1
VZ,49.98,0.0,0.0,0.0,0.0,1
W,72.35,0.0,0.0,0.0,0.0,1
WAB,236.06,0.0,0.0,0.0,0.0,1
WAL,67.04,0.0,0.0,0.0,0.0,1
WAT,298.99,0.0,0.0,0.0,0.0,1
WBD,27.42,0.0,0.0,0.0,0.0,1
WBS,67.8,0.0,0.0,0.0,0.0,1
WCC,250.02,0.0,0.0,0.0,0.0,1
WDAY,135.96,0.0,0.0,0.0,0.0,1
WDC,293.1,0.0,0.0,0.0,0.0,1
WEC,112.18,0.0,0.0,0.0,0.0,1
WELL,195.94,0.0,0.0,0.0,0.0,1
WEN,7.09,0.0,0.0,0.0,0.0,1
WEX,156.89,0.0,0.0,0.0,0.0,1
WFC,77.6,0.0,0.0,0.0,0.0,1
WFRD,86.14,0.0,0.0,0.0,0.0,1
WH,76.19,0.0,0.0,0.0,0.0,1
WHR,52.26,0.0,0.0,0.0,0.0,1
WING,187.79,0.0,0.0,0.0,0.0,1
WLK,106.12,0.0,0.0,0.0,0.0,1
WM,231.24,0.0,0.0,0.0,0.0,1
WMB,72.41,0.0,0.0,0.0,0.0,1
WMS,132.19,0.0,0.0,0.0,0.0,1
WMT,119.02,0.0,0.0,0.0,0.0,1
WPC,67.55,0.0,0.0,0.0,0.0,1
WRB,65.74,0.0,0.0,0.0,0.0,1
WSC,17.03,0.0,0.0,0.0,0.0,1
WSM,178.42,0.0,0.0,0.0,0.0,1
WSO,373.24,0.0,0.0,0.0,0.0,1
WST,237.03,0.0,0.0,0.0,0.0,1
WTFC,132.53,0.0,0.0,0.0,0.0,1
WTM,2155.01,0.0,0.0,0.0,0.0,1
WTRG,39.93,0.0,0.0,0.0,0.0,1
WTW,291.25,0.0,0.0,0.0,0.0,1
WU,9.02,0.0,0.0,0.0,0.0,1
WWD,353.35,0.0,0.0,0.0,0.0,1
WY,22.47,0.0,0.0,0.0,0.0,1
WYNN,99.98,0.0,0.0,0.0,0.0,1
XEL,76.77,0.0,0.0,0.0,0.0,1
XOM,159.67,0.0,0.0,0.0,0.0,1
XP,18.2,0.0,0.0,0.0,0.0,1
XPO,181.85,0.0,0.0,0.0,0.0,1
XRAY,10.95,0.0,0.0,0.0,0.0,1
XYL,120.44,0.0,0.0,0.0,0.0,1
XYZ,59.37,0.0,0.0,0.0,0.0,1
YETI,35.5,0.0,0.0,0.0,0.0,1
YUM,156.41,0.0,0.0,0.0,0.0,1
Z,43.95,0.0,0.0,0.0,0.0,1
ZBH,87.87,0.0,0.0,0.0,0.0,1
ZBRA,203.62,0.0,0.0,0.0,0.0,1
ZG,43.53,0.0,0.0,0.0,0.0,1
