ticker,price_now,cagr_3y,cagr_5y,dividend_yield,current_holding,reinvest_dividends
A,111.300000,0.000000,0.000000,0.000000,,
AA,56.450000,0.000000,0.000000,0.000000,,
AAL,10.430000,0.000000,0.000000,0.000000,,
AAON,80.010000,0.000000,0.000000,0.000000,,
AAPL,247.990000,0.110000,0.140000,0.005000,,
ABBV,205.070000,0.000000,0.000000,0.000000,,
ABNB,128.520000,0.000000,0.000000,0.000000,,
ABT,105.460000,0.000000,0.000000,0.000000,,
ACGL,92.300000,0.000000,0.000000,0.000000,,
ACHC,22.730000,0.000000,0.000000,0.000000,,
ACI,17.290000,0.000000,0.000000,0.000000,,
ACM,88.580000,0.000000,0.000000,0.000000,,
ACN,199.990000,0.000000,0.000000,0.000000,,
ADBE,248.150000,0.000000,0.000000,0.000000,,
ADC,76.150000,0.000000,0.000000,0.000000,,
ADI,309.430000,0.000000,0.000000,0.000000,,
ADM,66.170000,0.000000,0.000000,0.000000,,
ADP,208.690000,0.000000,0.000000,0.000000,,
ADSK,247.990000,0.000000,0.000000,0.000000,,
ADT,6.510000,0.000000,0.000000,0.000000,,
AEE,106.060000,0.000000,0.000000,0.000000,,
AEP,125.660000,0.000000,0.000000,0.000000,,
AES,14.100000,0.000000,0.000000,0.000000,,
AFG,124.180000,0.000000,0.000000,0.000000,,
AFL,106.220000,0.000000,0.000000,0.000000,,
AFRM,43.810000,0.000000,0.000000,0.000000,,
AGCO,109.260000,0.000000,0.000000,0.000000,,
AGNC,9.750000,0.000000,0.000000,0.000000,,
AGO,80.810000,0.000000,0.000000,0.000000,,
AIG,74.390000,0.000000,0.000000,0.000000,,
AIT,253.770000,0.000000,0.000000,0.000000,,
AIZ,212.810000,0.000000,0.000000,0.000000,,
AJG,214.820000,0.000000,0.000000,0.000000,,
AKAM,110.480000,0.000000,0.000000,0.000000,,
AL,64.610000,0.000000,0.000000,0.000000,,
ALAB,116.040000,0.000000,0.000000,0.000000,,
ALB,156.700000,0.000000,0.000000,0.000000,,
ALGM,29.950000,0.000000,0.000000,0.000000,,
ALGN,173.180000,0.000000,0.000000,0.000000,,
ALK,36.910000,0.000000,0.000000,0.000000,,
ALL,205.620000,0.000000,0.000000,0.000000,,
ALLE,142.490000,0.000000,0.000000,0.000000,,
ALLY,38.430000,0.000000,0.000000,0.000000,,
ALNY,312.170000,0.000000,0.000000,0.000000,,
ALSN,110.700000,0.000000,0.000000,0.000000,,
AM,22.650000,0.000000,0.000000,0.000000,,
AMAT,357.060000,0.000000,0.000000,0.000000,,
AMCR,38.280000,0.000000,0.000000,0.000000,,
AMD,201.330000,0.000000,0.000000,0.000000,,
AME,209.370000,0.000000,0.000000,0.000000,,
AMG,278.170000,0.000000,0.000000,0.000000,,
AMGN,347.800000,0.000000,0.000000,0.000000,,
AMH,27.380000,0.000000,0.000000,0.000000,,
AMKR,45.810000,0.000000,0.000000,0.000000,,
AMP,438.940000,0.000000,0.000000,0.000000,,
AMT,176.790000,0.000000,0.000000,0.000000,,
AMTM,26.800000,0.000000,0.000000,0.000000,,
AMZN,205.370000,0.000000,0.000000,0.000000,,
AN,181.460000,0.000000,0.000000,0.000000,,
ANET,131.220000,0.000000,0.000000,0.000000,,
AON,325.630000,0.000000,0.000000,0.000000,,
AOS,64.090000,0.000000,0.000000,0.000000,,
APA,39.110000,0.000000,0.000000,0.000000,,
APD,281.010000,0.000000,0.000000,0.000000,,
APG,39.500000,0.000000,0.000000,0.000000,,
APH,126.740000,0.000000,0.000000,0.000000,,
APLS,17.210000,0.000000,0.000000,0.000000,,
APO,112.000000,0.000000,0.000000,0.000000,,
APP,442.390000,0.000000,0.000000,0.000000,,
APPF,166.100000,0.000000,0.000000,0.000000,,
APTV,68.100000,0.000000,0.000000,0.000000,,
AR,43.090000,0.000000,0.000000,0.000000,,
ARE,47.390000,0.000000,0.000000,0.000000,,
ARES,105.870000,0.000000,0.000000,0.000000,,
ARMK,38.880000,0.000000,0.000000,0.000000,,
ARW,136.640000,0.000000,0.000000,0.000000,,
AS,30.740000,0.000000,0.000000,0.000000,,
ASH,48.810000,0.000000,0.000000,0.000000,,
ASTS,89.930000,0.000000,0.000000,0.000000,,
ATI,141.800000,0.000000,0.000000,0.000000,,
ATO,180.490000,0.000000,0.000000,0.000000,,
ATR,121.060000,0.000000,0.000000,0.000000,,
AU,79.990000,0.000000,0.000000,0.000000,,
AUR,4.130000,0.000000,0.000000,0.000000,,
AVB,161.370000,0.000000,0.000000,0.000000,,
AVGO,310.510000,0.000000,0.000000,0.000000,,
AVT,58.450000,0.000000,0.000000,0.000000,,
AVTR,7.510000,0.000000,0.000000,0.000000,,
AVY,161.160000,0.000000,0.000000,0.000000,,
AWI,163.860000,0.000000,0.000000,0.000000,,
AWK,135.790000,0.000000,0.000000,0.000000,,
AXON,496.270000,0.000000,0.000000,0.000000,,
AXP,295.500000,0.000000,0.000000,0.000000,,
AXS,99.570000,0.000000,0.000000,0.000000,,
AXTA,25.440000,0.000000,0.000000,0.000000,,
AYI,267.870000,0.000000,0.000000,0.000000,,
AZO,3282.899900,0.000000,0.000000,0.000000,,
BA,195.120000,0.000000,0.000000,0.000000,,
BAC,47.160000,0.000000,0.000000,0.000000,,
BAH,79.950000,0.000000,0.000000,0.000000,,
BALL,57.060000,0.000000,0.000000,0.000000,,
BAM,42.900000,0.000000,0.000000,0.000000,,
BAX,16.150000,0.000000,0.000000,0.000000,,
BBWI,19.410000,0.000000,0.000000,0.000000,,
BBY,62.800000,0.000000,0.000000,0.000000,,
BC,70.470000,0.000000,0.000000,0.000000,,
BDX,154.130000,0.000000,0.000000,0.000000,,
BEN,23.460000,0.000000,0.000000,0.000000,,
BEPC,38.580000,0.000000,0.000000,0.000000,,
BF.A,23.330000,0.000000,0.000000,0.000000,,
BFAM,77.330000,0.000000,0.000000,0.000000,,
BF.B,22.800000,0.000000,0.000000,0.000000,,
BG,118.150000,0.000000,0.000000,0.000000,,
BHF,59.350000,0.000000,0.000000,0.000000,,
BIIB,181.460000,0.000000,0.000000,0.000000,,
BILL,39.850000,0.000000,0.000000,0.000000,,
BIO,264.490000,0.000000,0.000000,0.000000,,
BIRK,33.340000,0.000000,0.000000,0.000000,,
BJ,97.040000,0.000000,0.000000,0.000000,,
BK,114.940000,0.000000,0.000000,0.000000,,
BKNG,4324.040000,0.000000,0.000000,0.000000,,
BKR,60.350000,0.000000,0.000000,0.000000,,
BLD,335.440000,0.000000,0.000000,0.000000,,
BLDR,81.220000,0.000000,0.000000,0.000000,,
BLK,957.910000,0.000000,0.000000,0.000000,,
BLSH,37.970000,0.000000,0.000000,0.000000,,
BMRN,54.130000,0.000000,0.000000,0.000000,,
BMY,57.480000,0.000000,0.000000,0.000000,,
BOKF,125.070000,0.000000,0.000000,0.000000,,
BPOP,130.480000,0.000000,0.000000,0.000000,,
BR,174.360000,0.000000,0.000000,0.000000,,
BRBR,17.220000,0.000000,0.000000,0.000000,,
BRK.B,480.940000,0.000000,0.000000,0.000000,,
BRKR,33.350000,0.000000,0.000000,0.000000,,
BRO,67.050000,0.000000,0.000000,0.000000,,
BROS,50.000000,0.000000,0.000000,0.000000,,
BRX,28.710000,0.000000,0.000000,0.000000,,
BSX,69.480000,0.000000,0.000000,0.000000,,
BSY,37.850000,0.000000,0.000000,0.000000,,
BURL,310.380000,0.000000,0.000000,0.000000,,
BWA,52.230000,0.000000,0.000000,0.000000,,
BWXT,199.750000,0.000000,0.000000,0.000000,,
BX,110.430000,0.000000,0.000000,0.000000,,
BXP,52.080000,0.000000,0.000000,0.000000,,
BYD,81.060000,0.000000,0.000000,0.000000,,
C,109.520000,0.000000,0.000000,0.000000,,
CACC,431.180000,0.000000,0.000000,0.000000,,
CACI,606.380000,0.000000,0.000000,0.000000,,
CAG,15.160000,0.000000,0.000000,0.000000,,
CAH,207.830000,0.000000,0.000000,0.000000,,
CAI,18.410000,0.000000,0.000000,0.000000,,
CAR,99.900000,0.000000,0.000000,0.000000,,
CARR,58.070000,0.000000,0.000000,0.000000,,
CART,36.930000,0.000000,0.000000,0.000000,,
CASY,659.630000,0.000000,0.000000,0.000000,,
CAT,680.880000,0.000000,0.000000,0.000000,,
CAVA,84.270000,0.000000,0.000000,0.000000,,
CB,322.580000,0.000000,0.000000,0.000000,,
CBOE,283.950000,0.000000,0.000000,0.000000,,
CBRE,131.990000,0.000000,0.000000,0.000000,,
CBSH,47.680000,0.000000,0.000000,0.000000,,
CCC,6.210000,0.000000,0.000000,0.000000,,
CCI,82.360000,0.000000,0.000000,0.000000,,
CCK,98.440000,0.000000,0.000000,0.000000,,
CCL,24.120000,0.000000,0.000000,0.000000,,
CDNS,283.900000,0.000000,0.000000,0.000000,,
CDW,120.270000,0.000000,0.000000,0.000000,,
CE,56.950000,0.000000,0.000000,0.000000,,
CEG,281.990000,0.000000,0.000000,0.000000,,
CELH,41.510000,0.000000,0.000000,0.000000,,
CERT,6.150000,0.000000,0.000000,0.000000,,
CF,124.900000,0.000000,0.000000,0.000000,,
CFG,57.020000,0.000000,0.000000,0.000000,,
CFR,132.250000,0.000000,0.000000,0.000000,,
CG,47.130000,0.000000,0.000000,0.000000,,
CGNX,49.240000,0.000000,0.000000,0.000000,,
CHD,94.690000,0.000000,0.000000,0.000000,,
CHDN,83.730000,0.000000,0.000000,0.000000,,
CHE,377.990000,0.000000,0.000000,0.000000,,
CHH,97.630000,0.000000,0.000000,0.000000,,
CHRD,131.910000,0.000000,0.000000,0.000000,,
CHRW,168.880000,0.000000,0.000000,0.000000,,
CHTR,213.010000,0.000000,0.000000,0.000000,,
CHWY,23.370000,0.000000,0.000000,0.000000,,
CI,262.840000,0.000000,0.000000,0.000000,,
CIEN,383.890000,0.000000,0.000000,0.000000,,
CINF,158.430000,0.000000,0.000000,0.000000,,
CL,85.120000,0.000000,0.000000,0.000000,,
CLF,7.820000,0.000000,0.000000,0.000000,,
CLH,275.880000,0.000000,0.000000,0.000000,,
CLVT,2.490000,0.000000,0.000000,0.000000,,
CLX,106.150000,0.000000,0.000000,0.000000,,
CMCSA,29.020000,0.000000,0.000000,0.000000,,
CME,307.320000,0.000000,0.000000,0.000000,,
CMG,33.370000,0.000000,0.000000,0.000000,,
CMI,533.540000,0.000000,0.000000,0.000000,,
CMS,74.420000,0.000000,0.000000,0.000000,,
CNA,45.360000,0.000000,0.000000,0.000000,,
CNC,34.400000,0.000000,0.000000,0.000000,,
CNH,9.940000,0.000000,0.000000,0.000000,,
CNM,47.400000,0.000000,0.000000,0.000000,,
CNP,42.020000,0.000000,0.000000,0.000000,,
CNXC,31.520000,0.000000,0.000000,0.000000,,
COF,181.460000,0.000000,0.000000,0.000000,,
COHR,253.630000,0.000000,0.000000,0.000000,,
COIN,197.500000,0.000000,0.000000,0.000000,,
COKE,201.450000,0.000000,0.000000,0.000000,,
COLB,26.140000,0.000000,0.000000,0.000000,,
COLD,11.250000,0.000000,0.000000,0.000000,,
COLM,55.230000,0.000000,0.000000,0.000000,,
COO,69.960000,0.000000,0.000000,0.000000,,
COP,126.920000,0.000000,0.000000,0.000000,,
COR,326.910000,0.000000,0.000000,0.000000,,
CORT,34.640000,0.000000,0.000000,0.000000,,
COST,972.330000,0.000000,0.000000,0.000000,,
COTY,2.140000,0.000000,0.000000,0.000000,,
CPAY,287.460000,0.000000,0.000000,0.000000,,
CPB,21.070000,0.000000,0.000000,0.000000,,
CPNG,18.830000,0.000000,0.000000,0.000000,,
CPRT,32.860000,0.000000,0.000000,0.000000,,
CPT,97.360000,0.000000,0.000000,0.000000,,
CR,167.930000,0.000000,0.000000,0.000000,,
CRCL,126.030000,0.000000,0.000000,0.000000,,
CRH,100.470000,0.000000,0.000000,0.000000,,
CRL,153.600000,0.000000,0.000000,0.000000,,
CRM,195.380000,0.000000,0.000000,0.000000,,
CROX,75.780000,0.000000,0.000000,0.000000,,
CRS,362.400000,0.000000,0.000000,0.000000,,
CRUS,136.070000,0.000000,0.000000,0.000000,,
CRWD,409.000000,0.000000,0.000000,0.000000,,
CSCO,77.650000,0.000000,0.000000,0.000000,,
CSGP,42.900000,0.000000,0.000000,0.000000,,
CSL,327.520000,0.000000,0.000000,0.000000,,
CSX,38.170000,0.000000,0.000000,0.000000,,
CTAS,179.340000,0.000000,0.000000,0.000000,,
CTRA,33.970000,0.000000,0.000000,0.000000,,
CTSH,62.070000,0.000000,0.000000,0.000000,,
CTVA,77.330000,0.000000,0.000000,0.000000,,
CUBE,36.690000,0.000000,0.000000,0.000000,,
CUZ,21.850000,0.000000,0.000000,0.000000,,
CVNA,281.280000,0.000000,0.000000,0.000000,,
CVS,71.480000,0.000000,0.000000,0.000000,,
CVX,201.730000,0.000000,0.000000,0.000000,,
CW,671.190000,0.000000,0.000000,0.000000,,
CWEN,37.440000,0.000000,0.000000,0.000000,,
CWE.A,37.260000,0.000000,0.000000,0.000000,,
CXT,40.370000,0.000000,0.000000,0.000000,,
CZR,26.760000,0.000000,0.000000,0.000000,,
D,59.380000,0.000000,0.000000,0.000000,,
DAL,63.440000,0.000000,0.000000,0.000000,,
DAR,55.140000,0.000000,0.000000,0.000000,,
DASH,156.640000,0.000000,0.000000,0.000000,,
DBX,25.020000,0.000000,0.000000,0.000000,,
DCI,83.650000,0.000000,0.000000,0.000000,,
DD,42.440000,0.000000,0.000000,0.000000,,
DDOG,125.080000,0.000000,0.000000,0.000000,,
DDS,591.000000,0.000000,0.000000,0.000000,,
DE,559.730000,0.000000,0.000000,0.000000,,
DECK,100.430000,0.000000,0.000000,0.000000,,
DELL,157.670000,0.000000,0.000000,0.000000,,
DG,124.520000,0.000000,0.000000,0.000000,,
DGX,195.260000,0.000000,0.000000,0.000000,,
DHI,133.120000,0.000000,0.000000,0.000000,,
DHR,189.350000,0.000000,0.000000,0.000000,,
DINO,60.220000,0.000000,0.000000,0.000000,,
DIS,99.510000,0.000000,0.000000,0.000000,,
DJT,8.580000,0.000000,0.000000,0.000000,,
DKNG,23.670000,0.000000,0.000000,0.000000,,
DKS,190.010000,0.000000,0.000000,0.000000,,
DLB,60.330000,0.000000,0.000000,0.000000,,
DLR,173.300000,0.000000,0.000000,0.000000,,
DLTR,105.920000,0.000000,0.000000,0.000000,,
DOC,17.050000,0.000000,0.000000,0.000000,,
DOCS,24.410000,0.000000,0.000000,0.000000,,
DOCU,47.230000,0.000000,0.000000,0.000000,,
DOV,209.370000,0.000000,0.000000,0.000000,,
DOW,36.650000,0.000000,0.000000,0.000000,,
DOX,64.830000,0.000000,0.000000,0.000000,,
DPZ,373.350000,0.000000,0.000000,0.000000,,
DRI,203.050000,0.000000,0.000000,0.000000,,
DRS,43.820000,0.000000,0.000000,0.000000,,
DT,38.050000,0.000000,0.000000,0.000000,,
DTE,141.570000,0.000000,0.000000,0.000000,,
DTM,131.930000,0.000000,0.000000,0.000000,,
DUK,126.810000,0.000000,0.000000,0.000000,,
DUOL,98.050000,0.000000,0.000000,0.000000,,
DV,10.050000,0.000000,0.000000,0.000000,,
DVA,149.310000,0.000000,0.000000,0.000000,,
DVN,48.660000,0.000000,0.000000,0.000000,,
DXC,11.900000,0.000000,0.000000,0.000000,,
DXCM,66.950000,0.000000,0.000000,0.000000,,
EA,200.510000,0.000000,0.000000,0.000000,,
EBAY,88.980000,0.000000,0.000000,0.000000,,
ECG,110.950000,0.000000,0.000000,0.000000,,
ECL,256.480000,0.000000,0.000000,0.000000,,
ED,109.450000,0.000000,0.000000,0.000000,,
EEFT,66.530000,0.000000,0.000000,0.000000,,
EFX,178.020000,0.000000,0.000000,0.000000,,
EG,316.020000,0.000000,0.000000,0.000000,,
EGP,183.090000,0.000000,0.000000,0.000000,,
EHC,95.860000,0.000000,0.000000,0.000000,,
EIX,69.750000,0.000000,0.000000,0.000000,,
EL,85.920000,0.000000,0.000000,0.000000,,
ELAN,23.980000,0.000000,0.000000,0.000000,,
ELF,72.500000,0.000000,0.000000,0.000000,,
ELS,64.220000,0.000000,0.000000,0.000000,,
ELV,291.480000,0.000000,0.000000,0.000000,,
EME,724.930000,0.000000,0.000000,0.000000,,
EMN,65.330000,0.000000,0.000000,0.000000,,
EMR,128.150000,0.000000,0.000000,0.000000,,
ENPH,44.110000,0.000000,0.000000,0.000000,,
ENTG,114.660000,0.000000,0.000000,0.000000,,
EOG,138.730000,0.000000,0.000000,0.000000,,
EPAM,137.430000,0.000000,0.000000,0.000000,,
EPR,50.460000,0.000000,0.000000,0.000000,,
EQH,37.350000,0.000000,0.000000,0.000000,,
EQIX,959.160000,0.000000,0.000000,0.000000,,
EQR,57.980000,0.000000,0.000000,0.000000,,
EQT,64.670000,0.000000,0.000000,0.000000,,
ES,66.670000,0.000000,0.000000,0.000000,,
ESAB,94.210000,0.000000,0.000000,0.000000,,
ESI,31.040000,0.000000,0.000000,0.000000,,
ESS,240.190000,0.000000,0.000000,0.000000,,
ESTC,53.310000,0.000000,0.000000,0.000000,,
ETN,356.800000,0.000000,0.000000,0.000000,,
ETR,99.900000,0.000000,0.000000,0.000000,,
ETSY,52.840000,0.000000,0.000000,0.000000,,
EVR,274.870000,0.000000,0.000000,0.000000,,
EVRG,78.700000,0.000000,0.000000,0.000000,,
EW,82.500000,0.000000,0.000000,0.000000,,
EWBC,103.530000,0.000000,0.000000,0.000000,,
EXAS,104.910000,0.000000,0.000000,0.000000,,
EXC,46.440000,0.000000,0.000000,0.000000,,
EXE,107.320000,0.000000,0.000000,0.000000,,
EXEL,41.270000,0.000000,0.000000,0.000000,,
EXLS,30.920000,0.000000,0.000000,0.000000,,
EXP,173.070000,0.000000,0.000000,0.000000,,
EXPD,146.350000,0.000000,0.000000,0.000000,,
EXPE,235.180000,0.000000,0.000000,0.000000,,
EXR,130.260000,0.000000,0.000000,0.000000,,
F,11.520000,0.000000,0.000000,0.000000,,
FAF,56.850000,0.000000,0.000000,0.000000,,
FANG,192.540000,0.000000,0.000000,0.000000,,
FAST,43.760000,0.000000,0.000000,0.000000,,
FBIN,38.680000,0.000000,0.000000,0.000000,,
FCN,174.200000,0.000000,0.000000,0.000000,,
FCNCA,1822.390000,0.000000,0.000000,0.000000,,
FCX,52.090000,0.000000,0.000000,0.000000,,
FDS,209.270000,0.000000,0.000000,0.000000,,
FDX,358.850000,0.000000,0.000000,0.000000,,
FE,48.540000,0.000000,0.000000,0.000000,,
FERG,217.560000,0.000000,0.000000,0.000000,,
FFIV,284.280000,0.000000,0.000000,0.000000,,
FHB,23.800000,0.000000,0.000000,0.000000,,
FHN,21.850000,0.000000,0.000000,0.000000,,
FICO,1127.620000,0.000000,0.000000,0.000000,,
FIGR,34.290000,0.000000,0.000000,0.000000,,
FIS,49.790000,0.000000,0.000000,0.000000,,
FISV,57.070000,0.000000,0.000000,0.000000,,
FITB,44.190000,0.000000,0.000000,0.000000,,
FIVE,227.420000,0.000000,0.000000,0.000000,,
FIX,1356.750000,0.000000,0.000000,0.000000,,
FLEX,61.640000,0.000000,0.000000,0.000000,,
FLO,8.180000,0.000000,0.000000,0.000000,,
FLS,71.400000,0.000000,0.000000,0.000000,,
FLUT,104.810000,0.000000,0.000000,0.000000,,
FMC,13.090000,0.000000,0.000000,0.000000,,
FNB,16.010000,0.000000,0.000000,0.000000,,
FND,50.100000,0.000000,0.000000,0.000000,,
FNF,43.260000,0.000000,0.000000,0.000000,,
FOUR,41.170000,0.000000,0.000000,0.000000,,
FOX,52.180000,0.000000,0.000000,0.000000,,
FOXA,57.820000,0.000000,0.000000,0.000000,,
FR,57.000000,0.000000,0.000000,0.000000,,
FRHC,138.760000,0.000000,0.000000,0.000000,,
FRMI,7.200000,0.000000,0.000000,0.000000,,
FRPT,64.540000,0.000000,0.000000,0.000000,,
FRT,103.150000,0.000000,0.000000,0.000000,,
FSLR,192.820000,0.000000,0.000000,0.000000,,
FTAI,230.030000,0.000000,0.000000,0.000000,,
FTI,65.260000,0.000000,0.000000,0.000000,,
FTNT,81.400000,0.000000,0.000000,0.000000,,
FTV,55.220000,0.000000,0.000000,0.000000,,
FWONA,74.510000,0.000000,0.000000,0.000000,,
FWONK,81.420000,0.000000,0.000000,0.000000,,
G,38.700000,0.000000,0.000000,0.000000,,
GAP,23.910000,0.000000,0.000000,0.000000,,
GD,345.780000,0.000000,0.000000,0.000000,,
GDDY,84.890000,0.000000,0.000000,0.000000,,
GE,286.790000,0.000000,0.000000,0.000000,,
GEHC,69.650000,0.000000,0.000000,0.000000,,
GEN,20.970000,0.000000,0.000000,0.000000,,
GEV,851.070000,0.000000,0.000000,0.000000,,
GFS,43.080000,0.000000,0.000000,0.000000,,
GGG,83.890000,0.000000,0.000000,0.000000,,
GILD,137.210000,0.000000,0.000000,0.000000,,
GIS,37.010000,0.000000,0.000000,0.000000,,
GL,136.800000,0.000000,0.000000,0.000000,,
GLIBA,35.380000,0.000000,0.000000,0.000000,,
GLIBK,35.400000,0.000000,0.000000,0.000000,,
GLOB,44.710000,0.000000,0.000000,0.000000,,
GLPI,46.040000,0.000000,0.000000,0.000000,,
GLW,124.580000,0.000000,0.000000,0.000000,,
GM,72.810000,0.000000,0.000000,0.000000,,
GME,22.570000,0.000000,0.000000,0.000000,,
GMED,86.260000,0.000000,0.000000,0.000000,,
GNRC,199.310000,0.000000,0.000000,0.000000,,
GNTX,20.700000,0.000000,0.000000,0.000000,,
GOOG,298.790000,0.000000,0.000000,0.000000,,
GOOGL,301.000000,0.000000,0.000000,0.000000,,
GPC,96.380000,0.000000,0.000000,0.000000,,
GPK,8.910000,0.000000,0.000000,0.000000,,
GPN,68.500000,0.000000,0.000000,0.000000,,
GRMN,232.360000,0.000000,0.000000,0.000000,,
GS,813.530000,0.000000,0.000000,0.000000,,
GTES,21.740000,0.000000,0.000000,0.000000,,
GTLB,22.250000,0.000000,0.000000,0.000000,,
GTM,5.910000,0.000000,0.000000,0.000000,,
GWRE,155.610000,0.000000,0.000000,0.000000,,
GWW,1041.950000,0.000000,0.000000,0.000000,,
GXO,49.930000,0.000000,0.000000,0.000000,,
H,142.110000,0.000000,0.000000,0.000000,,
HAL,36.530000,0.000000,0.000000,0.000000,,
HALO,63.430000,0.000000,0.000000,0.000000,,
HAS,91.110000,0.000000,0.000000,0.000000,,
HAYW,13.640000,0.000000,0.000000,0.000000,,
HBAN,15.090000,0.000000,0.000000,0.000000,,
HCA,493.880000,0.000000,0.000000,0.000000,,
HD,320.750000,0.000000,0.000000,0.000000,,
HEI,275.160000,0.000000,0.000000,0.000000,,
HEI.A,209.420000,0.000000,0.000000,0.000000,,
HHH,61.650000,0.000000,0.000000,0.000000,,
HIG,132.650000,0.000000,0.000000,0.000000,,
HII,407.980000,0.000000,0.000000,0.000000,,
HIW,20.600000,0.000000,0.000000,0.000000,,
HLI,139.510000,0.000000,0.000000,0.000000,,
HLNE,99.590000,0.000000,0.000000,0.000000,,
HLT,292.580000,0.000000,0.000000,0.000000,,
HOG,17.580000,0.000000,0.000000,0.000000,,
HOLX,75.410000,0.000000,0.000000,0.000000,,
HON,221.500000,0.000000,0.000000,0.000000,,
HOOD,70.890000,0.000000,0.000000,0.000000,,
HPE,21.690000,0.000000,0.000000,0.000000,,
HPQ,18.270000,0.000000,0.000000,0.000000,,
HR,17.220000,0.000000,0.000000,0.000000,,
HRB,31.790000,0.000000,0.000000,0.000000,,
HRL,22.140000,0.000000,0.000000,0.000000,,
HSIC,72.290000,0.000000,0.000000,0.000000,,
HST,18.600000,0.000000,0.000000,0.000000,,
HSY,210.140000,0.000000,0.000000,0.000000,,
HUBB,475.740000,0.000000,0.000000,0.000000,,
HUBS,258.810000,0.000000,0.000000,0.000000,,
HUM,169.900000,0.000000,0.000000,0.000000,,
HUN,10.410000,0.000000,0.000000,0.000000,,
HWM,231.210000,0.000000,0.000000,0.000000,,
HXL,78.810000,0.000000,0.000000,0.000000,,
IAC,37.590000,0.000000,0.000000,0.000000,,
IBKR,65.470000,0.000000,0.000000,0.000000,,
IBM,241.770000,0.000000,0.000000,0.000000,,
ICE,158.430000,0.000000,0.000000,0.000000,,
IDA,135.480000,0.000000,0.000000,0.000000,,
IDXX,577.260000,0.000000,0.000000,0.000000,,
IEX,184.110000,0.000000,0.000000,0.000000,,
IFF,66.620000,0.000000,0.000000,0.000000,,
ILMN,124.330000,0.000000,0.000000,0.000000,,
INCY,90.780000,0.000000,0.000000,0.000000,,
INGM,22.130000,0.000000,0.000000,0.000000,,
INGR,109.160000,0.000000,0.000000,0.000000,,
INSM,136.000000,0.000000,0.000000,0.000000,,
INSP,53.720000,0.000000,0.000000,0.000000,,
INTC,43.870000,0.000000,0.000000,0.000000,,
INTU,455.560000,0.000000,0.000000,0.000000,,
INVH,24.390000,0.000000,0.000000,0.000000,,
IONS,70.990000,0.000000,0.000000,0.000000,,
IOT,33.130000,0.000000,0.000000,0.000000,,
IP,33.760000,0.000000,0.000000,0.000000,,
IPGP,115.360000,0.000000,0.000000,0.000000,,
IQV,166.070000,0.000000,0.000000,0.000000,,
IR,81.390000,0.000000,0.000000,0.000000,,
IRDM,25.400000,0.000000,0.000000,0.000000,,
IRM,99.610000,0.000000,0.000000,0.000000,,
ISRG,477.970000,0.000000,0.000000,0.000000,,
IT,161.410000,0.000000,0.000000,0.000000,,
ITT,182.690000,0.000000,0.000000,0.000000,,
ITW,257.680000,0.000000,0.000000,0.000000,,
IVZ,23.210000,0.000000,0.000000,0.000000,,
J,128.440000,0.000000,0.000000,0.000000,,
JAZZ,180.620000,0.000000,0.000000,0.000000,,
JBHT,199.930000,0.000000,0.000000,0.000000,,
JBL,253.630000,0.000000,0.000000,0.000000,,
JCI,129.700000,0.000000,0.000000,0.000000,,
JEF,38.130000,0.000000,0.000000,0.000000,,
JHG,50.430000,0.000000,0.000000,0.000000,,
JHX,18.960000,0.000000,0.000000,0.000000,,
JKHY,165.380000,0.000000,0.000000,0.000000,,
JLL,293.800000,0.000000,0.000000,0.000000,,
JNJ,235.370000,0.000000,0.000000,0.000000,,
JPM,286.560000,0.000000,0.000000,0.000000,,
KBR,37.290000,0.000000,0.000000,0.000000,,
KD,12.210000,0.000000,0.000000,0.000000,,
KDP,26.590000,0.000000,0.000000,0.000000,,
KEX,130.520000,0.000000,0.000000,0.000000,,
KEY,19.410000,0.000000,0.000000,0.000000,,
KEYS,277.530000,0.000000,0.000000,0.000000,,
KHC,21.570000,0.000000,0.000000,0.000000,,
KIM,22.340000,0.000000,0.000000,0.000000,,
KKR,90.000000,0.000000,0.000000,0.000000,,
KLAC,1498.670000,0.000000,0.000000,0.000000,,
KMB,98.200000,0.000000,0.000000,0.000000,,
KMI,32.840000,0.000000,0.000000,0.000000,,
KMPR,29.690000,0.000000,0.000000,0.000000,,
KMX,41.860000,0.000000,0.000000,0.000000,,
KNSL,328.210000,0.000000,0.000000,0.000000,,
KNX,53.280000,0.000000,0.000000,0.000000,,
KO,74.750000,0.060000,0.070000,0.030000,,
KR,73.200000,0.000000,0.000000,0.000000,,
KRC,28.210000,0.000000,0.000000,0.000000,,
KRMN,99.380000,0.000000,0.000000,0.000000,,
KVUE,17.400000,0.000000,0.000000,0.000000,,
L,105.600000,0.000000,0.000000,0.000000,,
LAD,243.000000,0.000000,0.000000,0.000000,,
LAMR,124.570000,0.000000,0.000000,0.000000,,
LAZ,39.250000,0.000000,0.000000,0.000000,,
LBRDA,49.470000,0.000000,0.000000,0.000000,,
LBRDK,49.480000,0.000000,0.000000,0.000000,,
LBTYA,11.690000,0.000000,0.000000,0.000000,,
LBTYK,11.370000,0.000000,0.000000,0.000000,,
LCID,10.060000,0.000000,0.000000,0.000000,,
LDOS,165.870000,0.000000,0.000000,0.000000,,
LEA,113.480000,0.000000,0.000000,0.000000,,
LECO,249.720000,0.000000,0.000000,0.000000,,
LEN,90.550000,0.000000,0.000000,0.000000,,
LEN.B,86.280000,0.000000,0.000000,0.000000,,
LFUS,320.650000,0.000000,0.000000,0.000000,,
LH,263.000000,0.000000,0.000000,0.000000,,
LHX,352.850000,0.000000,0.000000,0.000000,,
LII,467.880000,0.000000,0.000000,0.000000,,
LIN,488.150000,0.000000,0.000000,0.000000,,
LINE,35.130000,0.000000,0.000000,0.000000,,
LITE,706.350000,0.000000,0.000000,0.000000,,
LKQ,28.260000,0.000000,0.000000,0.000000,,
LLY,906.700000,0.000000,0.000000,0.000000,,
LLYVA,87.580000,0.000000,0.000000,0.000000,,
LLYVK,90.090000,0.000000,0.000000,0.000000,,
LMT,627.430000,0.000000,0.000000,0.000000,,
LNC,33.810000,0.000000,0.000000,0.000000,,
LNG,280.890000,0.000000,0.000000,0.000000,,
LNT,68.710000,0.000000,0.000000,0.000000,,
LOAR,59.230000,0.000000,0.000000,0.000000,,
LOPE,162.450000,0.000000,0.000000,0.000000,,
LOW,224.630000,0.000000,0.000000,0.000000,,
LPLA,293.080000,0.000000,0.000000,0.000000,,
LPX,69.920000,0.000000,0.000000,0.000000,,
LRCX,228.360000,0.000000,0.000000,0.000000,,
LSCC,88.620000,0.000000,0.000000,0.000000,,
LSTR,148.730000,0.000000,0.000000,0.000000,,
LULU,162.820000,0.000000,0.000000,0.000000,,
LUV,39.410000,0.000000,0.000000,0.000000,,
LVS,52.930000,0.000000,0.000000,0.000000,,
LW,40.000000,0.000000,0.000000,0.000000,,
LYB,73.320000,0.000000,0.000000,0.000000,,
LYFT,13.470000,0.000000,0.000000,0.000000,,
LYV,148.850000,0.000000,0.000000,0.000000,,
M,17.870000,0.000000,0.000000,0.000000,,
MA,496.320000,0.000000,0.000000,0.000000,,
MAA,121.790000,0.000000,0.000000,0.000000,,
MAN,26.620000,0.000000,0.000000,0.000000,,
MANH,137.320000,0.000000,0.000000,0.000000,,
MAR,319.760000,0.000000,0.000000,0.000000,,
MAS,58.840000,0.000000,0.000000,0.000000,,
MASI,178.240000,0.000000,0.000000,0.000000,,
MAT,14.830000,0.000000,0.000000,0.000000,,
MCD,308.850000,0.000000,0.000000,0.000000,,
MCHP,62.970000,0.000000,0.000000,0.000000,,
MCK,885.840000,0.000000,0.000000,0.000000,,
MCO,435.120000,0.000000,0.000000,0.000000,,
MDB,261.160000,0.000000,0.000000,0.000000,,
MDLZ,56.210000,0.000000,0.000000,0.000000,,
MDT,86.160000,0.000000,0.000000,0.000000,,
MDU,19.650000,0.000000,0.000000,0.000000,,
MEDP,452.510000,0.000000,0.000000,0.000000,,
MET,68.560000,0.000000,0.000000,0.000000,,
META,593.660000,0.000000,0.000000,0.000000,,
MGM,35.370000,0.000000,0.000000,0.000000,,
MHK,96.210000,0.000000,0.000000,0.000000,,
MIDD,135.810000,0.000000,0.000000,0.000000,,
MKC,53.230000,0.000000,0.000000,0.000000,,
MKL,1875.350000,0.000000,0.000000,0.000000,,
MKSI,227.130000,0.000000,0.000000,0.000000,,
MKTX,174.010000,0.000000,0.000000,0.000000,,
MLI,107.760000,0.000000,0.000000,0.000000,,
MLM,560.690000,0.000000,0.000000,0.000000,,
MMM,141.200000,0.000000,0.000000,0.000000,,
MNST,73.690000,0.000000,0.000000,0.000000,,
MO,64.470000,0.000000,0.000000,0.000000,,
MOH,139.410000,0.000000,0.000000,0.000000,,
MORN,179.070000,0.000000,0.000000,0.000000,,
MOS,23.590000,0.000000,0.000000,0.000000,,
MP,50.600000,0.000000,0.000000,0.000000,,
MPC,232.530000,0.000000,0.000000,0.000000,,
MPT,4.560000,0.000000,0.000000,0.000000,,
MPWR,1068.850000,0.000000,0.000000,0.000000,,
MRK,114.180000,0.000000,0.000000,0.000000,,
MRNA,51.380000,0.000000,0.000000,0.000000,,
MRP,28.250000,0.000000,0.000000,0.000000,,
MRSH,176.480000,0.000000,0.000000,0.000000,,
MRVL,87.910000,0.000000,0.000000,0.000000,,
MS,161.470000,0.000000,0.000000,0.000000,,
MSA,170.140000,0.000000,0.000000,0.000000,,
MSCI,552.630000,0.000000,0.000000,0.000000,,
MSFT,381.870000,0.160000,0.180000,0.007000,,
MSGS,307.310000,0.000000,0.000000,0.000000,,
MSI,452.350000,0.000000,0.000000,0.000000,,
MSM,85.720000,0.000000,0.000000,0.000000,,
MSTR,135.660000,0.000000,0.000000,0.000000,,
MTB,198.150000,0.000000,0.000000,0.000000,,
MTCH,31.060000,0.000000,0.000000,0.000000,,
MTD,1204.480000,0.000000,0.000000,0.000000,,
MTDR,58.500000,0.000000,0.000000,0.000000,,
MTG,25.660000,0.000000,0.000000,0.000000,,
MTN,131.220000,0.000000,0.000000,0.000000,,
MTSI,218.960000,0.000000,0.000000,0.000000,,
MTZ,300.580000,0.000000,0.000000,0.000000,,
MU,422.900000,0.000000,0.000000,0.000000,,
MUSA,473.170000,0.000000,0.000000,0.000000,,
NBIX,127.680000,0.000000,0.000000,0.000000,,
NCLH,18.950000,0.000000,0.000000,0.000000,,
NCNO,15.200000,0.000000,0.000000,0.000000,,
NDAQ,86.340000,0.000000,0.000000,0.000000,,
NDSN,262.730000,0.000000,0.000000,0.000000,,
NEE,89.500000,0.000000,0.000000,0.000000,,
NEM,95.800000,0.000000,0.000000,0.000000,,
NET,215.420000,0.000000,0.000000,0.000000,,
NEU,614.540000,0.000000,0.000000,0.000000,,
NFG,91.700000,0.000000,0.000000,0.000000,,
NFLX,91.820000,0.000000,0.000000,0.000000,,
NI,45.020000,0.000000,0.000000,0.000000,,
NIQ,10.660000,0.000000,0.000000,0.000000,,
NKE,52.370000,0.000000,0.000000,0.000000,,
NLY,20.790000,0.000000,0.000000,0.000000,,
NNN,42.460000,0.000000,0.000000,0.000000,,
NOC,706.950000,0.000000,0.000000,0.000000,,
NOV,18.680000,0.000000,0.000000,0.000000,,
NOW,110.380000,0.000000,0.000000,0.000000,,
NRG,145.800000,0.000000,0.000000,0.000000,,
NSA,37.120000,0.000000,0.000000,0.000000,,
NSC,281.090000,0.000000,0.000000,0.000000,,
NTAP,101.110000,0.000000,0.000000,0.000000,,
NTNX,39.480000,0.000000,0.000000,0.000000,,
NTRA,195.280000,0.000000,0.000000,0.000000,,
NTRS,135.740000,0.000000,0.000000,0.000000,,
NU,13.940000,0.000000,0.000000,0.000000,,
NUE,158.580000,0.000000,0.000000,0.000000,,
NVDA,172.700000,0.000000,0.000000,0.000000,,
NVR,6369.379900,0.000000,0.000000,0.000000,,
NVST,24.890000,0.000000,0.000000,0.000000,,
NVT,116.300000,0.000000,0.000000,0.000000,,
NWL,3.360000,0.000000,0.000000,0.000000,,
NWS,27.390000,0.000000,0.000000,0.000000,,
NWSA,24.050000,0.000000,0.000000,0.000000,,
NXST,226.810000,0.000000,0.000000,0.000000,,
NYT,80.970000,0.000000,0.000000,0.000000,,
O,60.950000,0.020000,0.040000,0.052000,,
OC,99.960000,0.000000,0.000000,0.000000,,
ODFL,183.920000,0.000000,0.000000,0.000000,,
OGE,46.140000,0.000000,0.000000,0.000000,,
OGN,6.030000,0.000000,0.000000,0.000000,,
OHI,44.790000,0.000000,0.000000,0.000000,,
OKE,89.210000,0.000000,0.000000,0.000000,,
OKTA,78.410000,0.000000,0.000000,0.000000,,
OLED,94.720000,0.000000,0.000000,0.000000,,
OLLI,98.960000,0.000000,0.000000,0.000000,,
OLN,23.770000,0.000000,0.000000,0.000000,,
OMC,75.060000,0.000000,0.000000,0.000000,,
OMF,51.480000,0.000000,0.000000,0.000000,,
ON,59.260000,0.000000,0.000000,0.000000,,
ONON,37.660000,0.000000,0.000000,0.000000,,
ONTO,200.170000,0.000000,0.000000,0.000000,,
ORCL,149.680000,0.000000,0.000000,0.000000,,
ORI,37.910000,0.000000,0.000000,0.000000,,
ORLY,87.300000,0.000000,0.000000,0.000000,,
OSK,140.460000,0.000000,0.000000,0.000000,,
OTIS,79.540000,0.000000,0.000000,0.000000,,
OVV,56.970000,0.000000,0.000000,0.000000,,
OWL,9.120000,0.000000,0.000000,0.000000,,
OXY,60.710000,0.000000,0.000000,0.000000,,
OZK,43.840000,0.000000,0.000000,0.000000,,
PAG,140.600000,0.000000,0.000000,0.000000,,
PANW,162.950000,0.000000,0.000000,0.000000,,
PATH,12.060000,0.000000,0.000000,0.000000,,
PAYC,124.820000,0.000000,0.000000,0.000000,,
PAYX,92.550000,0.000000,0.000000,0.000000,,
PB,64.690000,0.000000,0.000000,0.000000,,
PCAR,111.260000,0.000000,0.000000,0.000000,,
PCG,17.320000,0.000000,0.000000,0.000000,,
PCOR,58.130000,0.000000,0.000000,0.000000,,
PCTY,112.520000,0.000000,0.000000,0.000000,,
PEG,79.440000,0.000000,0.000000,0.000000,,
PEGA,43.420000,0.000000,0.000000,0.000000,,
PEN,335.850000,0.000000,0.000000,0.000000,,
PENN,13.670000,0.000000,0.000000,0.000000,,
PEP,150.040000,0.000000,0.000000,0.000000,,
PFE,26.970000,0.000000,0.000000,0.000000,,
PFG,85.070000,0.000000,0.000000,0.000000,,
PFGC,81.030000,0.000000,0.000000,0.000000,,
PG,144.280000,0.000000,0.000000,0.000000,,
PGR,206.000000,0.000000,0.000000,0.000000,,
PH,894.410000,0.000000,0.000000,0.000000,,
PHM,114.550000,0.000000,0.000000,0.000000,,
PINS,18.680000,0.000000,0.000000,0.000000,,
PK,10.270000,0.000000,0.000000,0.000000,,
PKG,202.730000,0.000000,0.000000,0.000000,,
PLD,128.010000,0.000000,0.000000,0.000000,,
PLNT,74.340000,0.000000,0.000000,0.000000,,
PLTR,150.680000,0.000000,0.000000,0.000000,,
PM,163.110000,0.000000,0.000000,0.000000,,
PNC,201.710000,0.000000,0.000000,0.000000,,
PNFP,83.180000,0.000000,0.000000,0.000000,,
PNR,86.490000,0.000000,0.000000,0.000000,,
PNW,97.270000,0.000000,0.000000,0.000000,,
PODD,227.100000,0.000000,0.000000,0.000000,,
POOL,200.340000,0.000000,0.000000,0.000000,,
POST,96.720000,0.000000,0.000000,0.000000,,
PPC,35.230000,0.000000,0.000000,0.000000,,
PPG,97.220000,0.000000,0.000000,0.000000,,
PPL,36.550000,0.000000,0.000000,0.000000,,
PR,20.070000,0.000000,0.000000,0.000000,,
PRGO,9.250000,0.000000,0.000000,0.000000,,
PRI,245.550000,0.000000,0.000000,0.000000,,
PRMB,18.220000,0.000000,0.000000,0.000000,,
PRU,93.030000,0.000000,0.000000,0.000000,,
PSA,265.780000,0.000000,0.000000,0.000000,,
PSN,50.040000,0.000000,0.000000,0.000000,,
PSTG,62.630000,0.000000,0.000000,0.000000,,
PSX,175.470000,0.000000,0.000000,0.000000,,
PTC,149.810000,0.000000,0.000000,0.000000,,
PVH,63.270000,0.000000,0.000000,0.000000,,
PWR,555.390000,0.000000,0.000000,0.000000,,
PYPL,44.010000,0.000000,0.000000,0.000000,,
Q,107.590000,0.000000,0.000000,0.000000,,
QCOM,129.900000,0.000000,0.000000,0.000000,,
QGEN,39.930000,0.000000,0.000000,0.000000,,
QRVO,78.160000,0.000000,0.000000,0.000000,,
QS,6.590000,0.000000,0.000000,0.000000,,
QSR,73.750000,0.000000,0.000000,0.000000,,
QXO,18.640000,0.000000,0.000000,0.000000,,
R,191.780000,0.000000,0.000000,0.000000,,
RAL,40.800000,0.000000,0.000000,0.000000,,
RARE,19.870000,0.000000,0.000000,0.000000,,
RBA,94.980000,0.000000,0.000000,0.000000,,
RBC,531.110000,0.000000,0.000000,0.000000,,
RBLX,56.960000,0.000000,0.000000,0.000000,,
RBRK,49.280000,0.000000,0.000000,0.000000,,
RCL,263.650000,0.000000,0.000000,0.000000,,
RDDT,139.850000,0.000000,0.000000,0.000000,,
REG,74.870000,0.000000,0.000000,0.000000,,
REGN,732.870000,0.000000,0.000000,0.000000,,
REXR,33.970000,0.000000,0.000000,0.000000,,
REYN,20.800000,0.000000,0.000000,0.000000,,
RF,25.360000,0.000000,0.000000,0.000000,,
RGA,197.990000,0.000000,0.000000,0.000000,,
RGEN,113.880000,0.000000,0.000000,0.000000,,
RGLD,215.210000,0.000000,0.000000,0.000000,,
RH,127.650000,0.000000,0.000000,0.000000,,
RHI,23.290000,0.000000,0.000000,0.000000,,
RITM,8.770000,0.000000,0.000000,0.000000,,
RIVN,14.910000,0.000000,0.000000,0.000000,,
RJF,143.810000,0.000000,0.000000,0.000000,,
RKLB,67.230000,0.000000,0.000000,0.000000,,
RKT,13.650000,0.000000,0.000000,0.000000,,
RL,329.870000,0.000000,0.000000,0.000000,,
RLI,57.960000,0.000000,0.000000,0.000000,,
RMD,225.990000,0.000000,0.000000,0.000000,,
RNG,37.630000,0.000000,0.000000,0.000000,,
RNR,290.730000,0.000000,0.000000,0.000000,,
ROIV,27.700000,0.000000,0.000000,0.000000,,
ROK,355.110000,0.000000,0.000000,0.000000,,
ROKU,93.270000,0.000000,0.000000,0.000000,,
ROL,53.260000,0.000000,0.000000,0.000000,,
ROP,353.680000,0.000000,0.000000,0.000000,,
ROST,211.190000,0.000000,0.000000,0.000000,,
RPM,93.230000,0.000000,0.000000,0.000000,,
RPRX,45.360000,0.000000,0.000000,0.000000,,
RRC,44.470000,0.000000,0.000000,0.000000,,
RRX,175.400000,0.000000,0.000000,0.000000,,
RS,290.560000,0.000000,0.000000,0.000000,,
RSG,219.300000,0.000000,0.000000,0.000000,,
RTX,198.160000,0.000000,0.000000,0.000000,,
RVMD,95.780000,0.000000,0.000000,0.000000,,
RVTY,85.940000,0.000000,0.000000,0.000000,,
RYAN,34.680000,0.000000,0.000000,0.000000,,
RYN,19.500000,0.000000,0.000000,0.000000,,
S,14.170000,0.000000,0.000000,0.000000,,
SAIA,318.630000,0.000000,0.000000,0.000000,,
SAIC,96.740000,0.000000,0.000000,0.000000,,
SAIL,12.250000,0.000000,0.000000,0.000000,,
SAM,223.210000,0.000000,0.000000,0.000000,,
SARO,25.600000,0.000000,0.000000,0.000000,,
SBAC,174.150000,0.000000,0.000000,0.000000,,
SBUX,92.550000,0.000000,0.000000,0.000000,,
SCCO,152.710000,0.000000,0.000000,0.000000,,
SCHW,94.660000,0.000000,0.000000,0.000000,,
SCI,75.430000,0.000000,0.000000,0.000000,,
SEB,4922.290000,0.000000,0.000000,0.000000,,
SEE,41.890000,0.000000,0.000000,0.000000,,
SEIC,77.790000,0.000000,0.000000,0.000000,,
SF,70.770000,0.000000,0.000000,0.000000,,
SFD,23.120000,0.000000,0.000000,0.000000,,
SFM,81.800000,0.000000,0.000000,0.000000,,
SGI,71.870000,0.000000,0.000000,0.000000,,
SHC,13.500000,0.000000,0.000000,0.000000,,
SHW,303.530000,0.000000,0.000000,0.000000,,
SIRI,21.990000,0.000000,0.000000,0.000000,,
SITE,127.450000,0.000000,0.000000,0.000000,,
SJM,99.370000,0.000000,0.000000,0.000000,,
SLB,46.630000,0.000000,0.000000,0.000000,,
SLGN,38.060000,0.000000,0.000000,0.000000,,
SLM,19.730000,0.000000,0.000000,0.000000,,
SMCI,20.530000,0.000000,0.000000,0.000000,,
SMG,62.270000,0.000000,0.000000,0.000000,,
SMMT,15.510000,0.000000,0.000000,0.000000,,
SN,98.050000,0.000000,0.000000,0.000000,,
SNA,356.900000,0.000000,0.000000,0.000000,,
SNDK,709.710000,0.000000,0.000000,0.000000,,
SNDR,23.750000,0.000000,0.000000,0.000000,,
SNOW,168.020000,0.000000,0.000000,0.000000,,
SNPS,420.320000,0.000000,0.000000,0.000000,,
SNX,152.770000,0.000000,0.000000,0.000000,,
SO,93.390000,0.000000,0.000000,0.000000,,
SOFI,16.900000,0.000000,0.000000,0.000000,,
SOLS,67.050000,0.000000,0.000000,0.000000,,
SOLV,65.780000,0.000000,0.000000,0.000000,,
SON,50.670000,0.000000,0.000000,0.000000,,
SPG,184.520000,0.000000,0.000000,0.000000,,
SPGI,424.430000,0.000000,0.000000,0.000000,,
SPOT,474.540000,0.000000,0.000000,0.000000,,
SRE,91.720000,0.000000,0.000000,0.000000,,
SRPT,16.690000,0.000000,0.000000,0.000000,,
SSB,89.670000,0.000000,0.000000,0.000000,,
SSD,167.020000,0.000000,0.000000,0.000000,,
SSNC,71.380000,0.000000,0.000000,0.000000,,
ST,33.180000,0.000000,0.000000,0.000000,,
STAG,36.640000,0.000000,0.000000,0.000000,,
STE,220.030000,0.000000,0.000000,0.000000,,
STLD,163.950000,0.000000,0.000000,0.000000,,
STT,121.970000,0.000000,0.000000,0.000000,,
STWD,17.080000,0.000000,0.000000,0.000000,,
STZ,149.620000,0.000000,0.000000,0.000000,,
SUI,130.440000,0.000000,0.000000,0.000000,,
SW,36.210000,0.000000,0.000000,0.000000,,
SWK,67.280000,0.000000,0.000000,0.000000,,
SWKS,54.440000,0.000000,0.000000,0.000000,,
SYF,66.190000,0.000000,0.000000,0.000000,,
SYK,335.670000,0.000000,0.000000,0.000000,,
SYY,81.330000,0.000000,0.000000,0.000000,,
T,28.310000,0.000000,0.000000,0.000000,,
TAP,41.400000,0.000000,0.000000,0.000000,,
TDC,26.830000,0.000000,0.000000,0.000000,,
TDG,1177.390000,0.000000,0.000000,0.000000,,
TDY,616.180000,0.000000,0.000000,0.000000,,
TEAM,73.730000,0.000000,0.000000,0.000000,,
TECH,51.480000,0.000000,0.000000,0.000000,,
TEM,46.960000,0.000000,0.000000,0.000000,,
TER,290.830000,0.000000,0.000000,0.000000,,
TFC,44.160000,0.000000,0.000000,0.000000,,
TFSL,13.390000,0.000000,0.000000,0.000000,,
TFX,105.410000,0.000000,0.000000,0.000000,,
TGT,113.260000,0.000000,0.000000,0.000000,,
THC,200.350000,0.000000,0.000000,0.000000,,
THG,168.840000,0.000000,0.000000,0.000000,,
THO,75.200000,0.000000,0.000000,0.000000,,
TIGO,71.980000,0.000000,0.000000,0.000000,,
TJX,154.980000,0.000000,0.000000,0.000000,,
TKO,188.380000,0.000000,0.000000,0.000000,,
TKR,95.250000,0.000000,0.000000,0.000000,,
TLN,302.970000,0.000000,0.000000,0.000000,,
TMO,474.390000,0.000000,0.000000,0.000000,,
TMUS,208.470000,0.000000,0.000000,0.000000,,
TNL,68.570000,0.000000,0.000000,0.000000,,
TOL,132.000000,0.000000,0.000000,0.000000,,
TOST,27.460000,0.000000,0.000000,0.000000,,
TPG,40.070000,0.000000,0.000000,0.000000,,
TPL,519.410000,0.000000,0.000000,0.000000,,
TPR,140.880000,0.000000,0.000000,0.000000,,
TREX,35.990000,0.000000,0.000000,0.000000,,
TRGP,237.410000,0.000000,0.000000,0.000000,,
TRMB,65.710000,0.000000,0.000000,0.000000,,
TROW,86.190000,0.000000,0.000000,0.000000,,
TRU,70.550000,0.000000,0.000000,0.000000,,
TRV,296.600000,0.000000,0.000000,0.000000,,
TSCO,45.770000,0.000000,0.000000,0.000000,,
TSLA,367.960000,0.000000,0.000000,0.000000,,
TSN,58.180000,0.000000,0.000000,0.000000,,
TT,410.360000,0.000000,0.000000,0.000000,,
TTC,92.920000,0.000000,0.000000,0.000000,,
TTD,24.110000,0.000000,0.000000,0.000000,,
TTEK,30.400000,0.000000,0.000000,0.000000,,
TTWO,200.630000,0.000000,0.000000,0.000000,,
TW,125.150000,0.000000,0.000000,0.000000,,
TWLO,124.110000,0.000000,0.000000,0.000000,,
TXN,187.190000,0.000000,0.000000,0.000000,,
TXRH,170.890000,0.000000,0.000000,0.000000,,
TXT,88.770000,0.000000,0.000000,0.000000,,
TYL,350.200000,0.000000,0.000000,0.000000,,
U,18.390000,0.000000,0.000000,0.000000,,
UA,5.710000,0.000000,0.000000,0.000000,,
UAA,5.850000,0.000000,0.000000,0.000000,,
UAL,89.950000,0.000000,0.000000,0.000000,,
UBER,73.890000,0.000000,0.000000,0.000000,,
UDR,34.110000,0.000000,0.000000,0.000000,,
UGI,35.350000,0.000000,0.000000,0.000000,,
UHAL,42.190000,0.000000,0.000000,0.000000,,
UHA.B,39.910000,0.000000,0.000000,0.000000,,
UHS,185.820000,0.000000,0.000000,0.000000,,
UI,765.270000,0.000000,0.000000,0.000000,,
ULTA,529.970000,0.000000,0.000000,0.000000,,
UNH,275.590000,0.000000,0.000000,0.000000,,
UNM,72.520000,0.000000,0.000000,0.000000,,
UNP,234.920000,0.000000,0.000000,0.000000,,
UPS,95.860000,0.000000,0.000000,0.000000,,
URI,710.470000,0.000000,0.000000,0.000000,,
USB,51.250000,0.000000,0.000000,0.000000,,
USFD,89.400000,0.000000,0.000000,0.000000,,
UTHR,524.280000,0.000000,0.000000,0.000000,,
UWMC,3.560000,0.000000,0.000000,0.000000,,
V,301.620000,0.000000,0.000000,0.000000,,
VEEV,184.070000,0.000000,0.000000,0.000000,,
VFC,16.280000,0.000000,0.000000,0.000000,,
VICI,26.830000,0.000000,0.000000,0.000000,,
VIK,67.990000,0.000000,0.000000,0.000000,,
VIRT,41.630000,0.000000,0.000000,0.000000,,
VKTX,32.330000,0.000000,0.000000,0.000000,,
VLO,239.860000,0.000000,0.000000,0.000000,,
VLTO,88.630000,0.000000,0.000000,0.000000,,
VMC,258.400000,0.000000,0.000000,0.000000,,
VMI,391.960000,0.000000,0.000000,0.000000,,
VNO,25.410000,0.000000,0.000000,0.000000,,
VNOM,48.090000,0.000000,0.000000,0.000000,,
VNT,35.200000,0.000000,0.000000,0.000000,,
VOYA,67.150000,0.000000,0.000000,0.000000,,
VRSK,201.750000,0.000000,0.000000,0.000000,,
VRSN,240.780000,0.000000,0.000000,0.000000,,
VRT,255.880000,0.000000,0.000000,0.000000,,
VRTX,454.000000,0.000000,0.000000,0.000000,,
VSNT,36.230000,0.000000,0.000000,0.000000,,
VST,146.020000,0.000000,0.000000,0.000000,,
VTR,82.500000,0.000000,0.000000,0.000000,,
VTRS,13.200000,0.000000,0.000000,0.000000,,
VVV,32.740000,0.000000,0.000000,0.000000,,
VZ,49.980000,0.000000,0.000000,0.000000,,
W,72.350000,0.000000,0.000000,0.000000,,
WAB,236.060000,0.000000,0.000000,0.000000,,
WAL,67.040000,0.000000,0.000000,0.000000,,
WAT,298.990000,0.000000,0.000000,0.000000,,
WBD,27.420000,0.000000,0.000000,0.000000,,
WBS,67.800000,0.000000,0.000000,0.000000,,
WCC,250.020000,0.000000,0.000000,0.000000,,
WDAY,135.960000,0.000000,0.000000,0.000000,,
WDC,293.100000,0.000000,0.000000,0.000000,,
WEC,112.180000,0.000000,0.000000,0.000000,,
WELL,195.940000,0.000000,0.000000,0.000000,,
WEN,7.090000,0.000000,0.000000,0.000000,,
WEX,156.890000,0.000000,0.000000,0.000000,,
WFC,77.600000,0.000000,0.000000,0.000000,,
WFRD,86.140000,0.000000,0.000000,0.000000,,
WH,76.190000,0.000000,0.000000,0.000000,,
WHR,52.260000,0.000000,0.000000,0.000000,,
WING,187.790000,0.000000,0.000000,0.000000,,
WLK,106.120000,0.000000,0.000000,0.000000,,
WM,231.240000,0.000000,0.000000,0.000000,,
WMB,72.410000,0.000000,0.000000,0.000000,,
WMS,132.190000,0.000000,0.000000,0.000000,,
WMT,119.020000,0.000000,0.000000,0.000000,,
WPC,67.550000,0.000000,0.000000,0.000000,,
WRB,65.740000,0.000000,0.000000,0.000000,,
WSC,17.030000,0.000000,0.000000,0.000000,,
WSM,178.420000,0.000000,0.000000,0.000000,,
WSO,373.240000,0.000000,0.000000,0.000000,,
WST,237.030000,0.000000,0.000000,0.000000,,
WTFC,132.530000,0.000000,0.000000,0.000000,,
WTM,2155.010000,0.000000,0.000000,0.000000,,
WTRG,39.930000,0.000000,0.000000,0.000000,,
WTW,291.250000,0.000000,0.000000,0.000000,,
WU,9.020000,0.000000,0.000000,0.000000,,
WWD,353.350000,0.000000,0.000000,0.000000,,
WY,22.470000,0.000000,0.000000,0.000000,,
WYNN,99.980000,0.000000,0.000000,0.000000,,
XEL,76.770000,0.000000,0.000000,0.000000,,
XOM,159.670000,0.000000,0.000000,0.000000,,
XP,18.200000,0.000000,0.000000,0.000000,,
XPO,181.850000,0.000000,0.000000,0.000000,,
XRAY,10.950000,0.000000,0.000000,0.000000,,
XYL,120.440000,0.000000,0.000000,0.000000,,
XYZ,59.370000,0.000000,0.000000,0.000000,,
YETI,35.500000,0.000000,0.000000,0.000000,,
YUM,156.410000,0.000000,0.000000,0.000000,,
Z,43.950000,0.000000,0.000000,0.000000,,
ZBH,87.870000,0.000000,0.000000,0.000000,,
ZBRA,203.620000,0.000000,0.000000,0.000000,,
ZG,43.530000,0.000000,0.000000,0.000000,,
