Symbol,Name,Latest,Change,%Change,Open,High,Low,Volume,Time
A,"Agilent Technologies",111.3,-0.45,-0.40%,111.57,112.53,110.18,4402400,2026-03-20
AA,"Alcoa Corp",56.45,-2.2,-3.75%,57.94,59.79,55.69,7744600,2026-03-20
AAL,"American Airlines Gp",10.43,-0.37,-3.43%,10.75,10.83,10.34,58384598,2026-03-20
AAON,"Aaon Inc",80.01,-0.04,-0.05%,80.19,81.89,78.33,957800,2026-03-20
AAPL,"Apple Inc",247.99,-0.97,-0.39%,247.98,249.2,246,88331000,2026-03-20
ABBV,"Abbvie Inc",205.07,-1.16,-0.56%,206.26,207.78,203.06,27982300,2026-03-20
ABNB,"Airbnb Inc Cl A",128.52,-2.27,-1.74%,130.03,130.71,127.7,7047900,2026-03-20
ABT,"Abbott Laboratories",105.46,-1.73,-1.61%,107.04,107.79,105.4,81271200,2026-03-20
ACGL,"Arch Capital Grp Ltd",92.3,0.13,+0.14%,92.28,92.78,91.66,4093100,2026-03-20
ACHC,"Acadia Healthcr Company",22.73,-0.23,-1.00%,23.18,23.52,22.56,3754800,2026-03-20
ACI,"Albertsons Companies Inc Cl A",17.29,-0.05,-0.29%,17.42,17.525,17.225,15817100,2026-03-20
ACM,"Aecom Technology Corp",88.58,-1.74,-1.93%,89.93,90.38,88.11,2285400,2026-03-20
ACN,"Accenture Plc",199.99,-3.56,-1.75%,203.5,207.4199,198.49,44335900,2026-03-20
ADBE,"Adobe Systems Inc",248.15,2.16,+0.88%,242.8,249.09,241,10467200,2026-03-20
ADC,"Agree Realty Corp",76.15,-2.52,-3.20%,78.54,78.815,75.7,2980500,2026-03-20
ADI,"Analog Devices",309.43,-1.01,-0.33%,311.15,312.25,305.95,7029300,2026-03-20
ADM,"Archer Daniels Midland",66.17,-2.47,-3.60%,68.82,68.82,65.07,16669300,2026-03-20
ADP,"Automatic Data Processing",208.69,-1.97,-0.94%,211.27,212.79,208.56,19084100,2026-03-20
ADSK,"Autodesk Inc",247.99,0.34,+0.14%,245.95,248.61,241.49,4418500,2026-03-20
ADT,"ADT Inc",6.51,-0.08,-1.21%,6.59,6.62,6.475,16436000,2026-03-20
AEE,"Ameren Corp",106.06,-3.5,-3.19%,109.51,109.89,105.655,3376100,2026-03-20
AEP,"American Electric Power Company",125.66,-3.06,-2.38%,128.18,128.92,125.08,8611101,2026-03-20
AES,"The Aes Corp",14.1,-0.05,-0.35%,14.15,14.17,14.07,22339500,2026-03-20
AFG,"American Financial Group",124.18,-0.29,-0.23%,124.38,124.72,123.29,2706000,2026-03-20
AFL,"Aflac Inc",106.22,-0.95,-0.89%,107.59,108.16,106.03,6760700,2026-03-20
AFRM,"Affirm Holdings Inc Cl A",43.81,-0.62,-1.40%,44.04,45.45,43.24,5382900,2026-03-20
AGCO,"Agco Corp",109.26,-1.67,-1.51%,111.04,111.425,107.72,1733300,2026-03-20
AGNC,"Agnc Investment Corp",9.75,-0.54,-5.25%,10.28,10.32,9.73,54083098,2026-03-20
AGO,"Assured Guaranty Ltd",80.81,-1.22,-1.49%,82.04,82.365,80.53,689600,2026-03-20
AIG,"American International Group",74.39,0.5,+0.68%,73.77,75.12,73.77,6120400,2026-03-20
AIT,"Applied Industrial Technologies",253.77,-2.81,-1.10%,256.07,257.385,250.9,1096700,2026-03-20
AIZ,"Assurant Inc",212.81,0.94999999999999,+0.45%,212.37,212.83,210.44,526200,2026-03-20
AJG,"Arthur J. Gallagher & Company",214.82,5.14,+2.45%,210.39,215.86,210.21,3845300,2026-03-20
AKAM,"Akamai Technologies",110.48,0.48,+0.44%,110.56,111.86,108.81,13118300,2026-03-20
AL,"Air Lease Corp Cl A",64.61,0.030000000000001,+0.05%,64.67,64.685,64.585,2496500,2026-03-20
ALAB,"Astera Labs Inc",116.04,-10.12,-8.02%,124.39,124.63,114.75,8694500,2026-03-20
ALB,"Albemarle Corp",156.7,-6.56,-4.02%,163.5,164.2,154.69,2936800,2026-03-20
ALGM,"Allegro Microsystems Inc",29.95,-0.96,-3.11%,30.88,31.04,29.56,2351300,2026-03-20
ALGN,"Align Technology",173.18,-3.07,-1.74%,175.97,178.74,171.27,2108400,2026-03-20
ALK,"Alaska Air Group",36.91,-1.02,-2.69%,37.8,38.03,36.72,4824000,2026-03-20
ALL,"Allstate Corp",205.62,1.55,+0.76%,204.06,207.08,203.33,3379200,2026-03-20
ALLE,"Allegion Plc",142.49,-1.34,-0.93%,143.81,144.225,141.26,1290800,2026-03-20
ALLY,"Ally Financial",38.43,0.34,+0.89%,38,38.86,37.825,5266100,2026-03-20
ALNY,"Alnylam Pharmaceuticals",312.17,1.07,+0.34%,311.05,322.43,311.05,2050700,2026-03-20
ALSN,"Allison Transmission Holdings",110.7,-1.49,-1.33%,111.78,112.6,109.42,2152600,2026-03-20
AM,"Antero Midstream Corp",22.65,-0.42,-1.82%,23.1,23.17,22.63,6467500,2026-03-20
AMAT,"Applied Materials",357.06,-0.15,-0.04%,359.77,362,346.66,17587801,2026-03-20
AMCR,"Amcor Plc",38.28,-0.41,-1.06%,38.5,39,38.06,46524300,2026-03-20
AMD,"Adv Micro Devices",201.33,-3.94,-1.92%,204.88,206.3,198.26,37265102,2026-03-20
AME,"Ametek Inc",209.37,-2.13,-1.01%,212.25,213.81,208.26,2249100,2026-03-20
AMG,"Affiliated Managers Group",278.17,-0.5,-0.18%,278.86,280.76,274.16,675500,2026-03-20
AMGN,"Amgen Inc",347.8,-2.12,-0.61%,348.01,351.24,344.95,9169000,2026-03-20
AMH,"American Homes 4 Rent",27.38,-0.76,-2.70%,27.86,28.06,27.215,6124100,2026-03-20
AMKR,"Amkor Technology",45.81,-2.32,-4.82%,48.25,48.65,44.47,5408800,2026-03-20
AMP,"Ameriprise Financial Services",438.94,4.88,+1.12%,430.66,440,430.66,1824700,2026-03-20
AMT,"American Tower Corp",176.79,-5.97,-3.27%,184.02,185.72,175.6,6368000,2026-03-20
AMTM,"Amentum Holdings Inc",26.8,-0.4,-1.47%,27.06,27.19,26.63,3637300,2026-03-20
AMZN,"Amazon.com Inc",205.37,-3.39,-1.62%,207.4,207.54,204.32,63694602,2026-03-20
AN,"Autonation Inc",181.46,-3.27,-1.77%,183.7,184.07,180.41,739600,2026-03-20
ANET,"Arista Networks Inc",131.22,-5.04,-3.70%,134,135.3,128.9,11351500,2026-03-20
AON,"AON Plc",325.63,8.64,+2.73%,317.24,326.555,317.24,2408600,2026-03-20
AOS,"Smith A.O. Corp",64.09,-0.45,-0.70%,64.43,64.91,63.34,2863500,2026-03-20
APA,"Apa Corp",39.11,1.05,+2.76%,38.34,39.51,38.11,23883600,2026-03-20
APD,"Air Products and Chemicals",281.01,-3.14,-1.11%,287.07,287.07,279.15,2422300,2026-03-20
APG,"Api Group Corp",39.5,-1.69,-4.10%,40.87,41.24,38.9349,8487800,2026-03-20
APH,"Amphenol Corp",126.74,-3.91,-2.99%,130.14,130.83,124.68,14276100,2026-03-20
APLS,"Apellis Pharmaceuticals Inc",17.21,-0.76,-4.23%,17.96,18.09,17.16,5601900,2026-03-20
APO,"Apollo Asset Management Inc",112,0.63,+0.57%,112,112.71,110.2,8317500,2026-03-20
APP,"Applovin Corp Cl A",442.39,2.47,+0.56%,432.49,443.2,422.01,4770400,2026-03-20
APPF,"Appfolio Cl A",166.1,-0.7,-0.42%,163.96,168.9,161.14,842900,2026-03-20
APTV,"Aptiv Plc",68.1,-1.07,-1.55%,69.08,69.24,67.48,7502200,2026-03-20
AR,"Antero Resources Corp",43.09,-0.21,-0.48%,43.25,44.16,43.02,9036400,2026-03-20
ARE,"Alexandria Real Estate Equities",47.39,-2.13,-4.30%,48.92,49.18,47.185,4611000,2026-03-20
ARES,"Ares Management LP",105.87,-2.12,-1.96%,107.92,107.92,105.03,11591400,2026-03-20
ARMK,"Aramark Holdings Corp",38.88,-0.28,-0.72%,39.15,39.58,38.68,4000800,2026-03-20
ARW,"Arrow Electronics",136.64,-3.93,-2.80%,140.41,140.8,135.8,669400,2026-03-20
AS,"Amer Sports Inc",30.74,-1.93,-5.91%,32.48,32.66,30.55,5350900,2026-03-20
ASH,"Ashland Inc",48.81,-1.38,-2.75%,50.64,50.64,48.185,918600,2026-03-20
ASTS,"Ast Spacemobile Inc",89.93,-4.16,-4.42%,94.54,96.99,86.31,16264199,2026-03-20
ATI,"Ati Inc",141.8,-5.74,-3.89%,145.79,148.0699,139.83,3402200,2026-03-20
ATO,"Atmos Energy Corp",180.49,-4.41,-2.39%,184.95,185.42,180.43,3328700,2026-03-20
ATR,Aptargroup,121.06,-2.91,-2.35%,124.26,124.26,120.31,1481500,2026-03-20
AU,"Anglogold Ashanti Ltd ADR",79.99,-5.7,-6.65%,85.73,86.31,79.99,6978600,2026-03-20
AUR,"Aurora Innovation Inc Cl A",4.13,-0.05,-1.20%,4.16,4.24,4.09,30992699,2026-03-20
AVB,"Avalonbay Communities",161.37,-3.87,-2.34%,164.51,165.2,160.72,1646800,2026-03-20
AVGO,"Broadcom Ltd",310.51,-9.33,-2.92%,320.12,321.51,309.92,43325902,2026-03-20
AVT,"Avnet Inc",58.45,-1.51,-2.52%,59.41,59.51,58.04,1420200,2026-03-20
AVTR,"Avantor Inc",7.51,-0.1,-1.31%,7.58,7.705,7.385,12425800,2026-03-20
AVY,"Avery Dennison Corp",161.16,-1.83,-1.12%,163.14,164.66,160.44,997300,2026-03-20
AWI,"Armstrong World Industries Inc",163.86,-1.53,-0.93%,165.85,165.85,162.2,1138500,2026-03-20
AWK,"American Water Works",135.79,-1.31,-0.96%,137.09,137.74,135.14,4091800,2026-03-20
AXON,"Axon Enterprise Inc",496.27,-5.91,-1.18%,502.18,505.64,488.05,1003900,2026-03-20
AXP,"American Express Company",295.5,0.56999999999999,+0.19%,294.97,296.5,290.967,7116400,2026-03-20
AXS,"Axis Capital Holdings",99.57,0.14999999999999,+0.15%,99.89,100.39,99.02,766300,2026-03-20
AXTA,"Axalta Coating Systems Ltd",25.44,-0.66,-2.53%,26.24,26.37,25.165,6396700,2026-03-20
AYI,"Acuity Inc",267.87,0.069999999999993,+0.03%,266.05,269.54,264.46,617000,2026-03-20
AZO,Autozone,3282.8999,-58.6802,-1.76%,3336.6799,3371.1001,3281.23,292500,2026-03-20
BA,"Boeing Company",195.12,-6.06,-3.01%,201.05,201.99,192.54,12925300,2026-03-20
BAC,"Bank of America Corp",47.16,0.15,+0.32%,47.13,47.46,46.685,78060800,2026-03-20
BAH,"Booz Allen Hamilton Holding Corp",79.95,-0.88,-1.09%,81.08,81.72,79.91,9122900,2026-03-20
BALL,"Ball Corporation",57.06,-1.93,-3.27%,59.03,59.08,56.63,4388900,2026-03-20
BAM,"Brookfield Asset Management Ltd",42.9,-0.57,-1.31%,43.39,43.575,42.61,5766800,2026-03-20
BAX,"Baxter International Inc",16.15,-0.51,-3.06%,16.53,16.795,16.08,19145400,2026-03-20
BBWI,"Bath & Body Works Inc",19.41,-0.92,-4.53%,20.02,20.15,19.275,5523400,2026-03-20
BBY,"Best Buy Company",62.8,-1.39,-2.17%,64,64.1,62.1,9930400,2026-03-20
BC,"Brunswick Corp",70.47,-0.71,-1.00%,71.71,71.71,69.28,1745200,2026-03-20
BDX,"Becton Dickinson and Company",154.13,-2.4,-1.53%,156.46,158.11,153.745,3723700,2026-03-20
BEN,"Franklin Resources",23.46,-0.41,-1.72%,23.92,23.94,23.22,11517400,2026-03-20
BEPC,"Brookfield Renewable Corp",38.58,-1.79,-4.43%,40.5,40.74,38.22,2451700,2026-03-20
BF.A,"Brown Forman Inc Cl A",23.33,-0.26,-1.10%,23.75,23.75,23.01,627400,2026-03-20
BFAM,"Bright Horizons Family Solutions Inc",77.33,0.26000000000001,+0.34%,76.88,78.15,76.43,904700,2026-03-20
BF.B,"Brown Forman Inc Cl B",22.8,-0.51,-2.19%,23.3,23.43,22.72,10416100,2026-03-20
BG,"Bunge Ltd",118.15,-3.89,-3.19%,122.92,123.34,116.69,5276600,2026-03-20
BHF,"Brighthouse Financial Inc",59.35,-0.21,-0.35%,59.5,59.7,59.05,882300,2026-03-20
BIIB,"Biogen Inc",181.46,-1.95,-1.06%,183.13,183.69,180.47,2214200,2026-03-20
BILL,"Bill Holdings Inc",39.85,-1.02,-2.50%,39.76,40.725,39.2,2331300,2026-03-20
BIO,"Bio-Rad Laboratories",264.49,-0.51,-0.19%,267.43,267.73,262.05,462400,2026-03-20
BIRK,"Birkenstock Holding Plc",33.34,-1.71,-4.88%,34.89,34.91,33.06,3416300,2026-03-20
BJ,"Bj's Wholesale Club Holdings Inc",97.04,0.34,+0.35%,96.38,97.99,95.14,3025600,2026-03-20
BK,"Bank of New York Mellon Corp",114.94,0.039999999999992,+0.03%,114.85,115.37,113.76,7450600,2026-03-20
BKNG,"Booking Holdings Inc",4324.04,29.75,+0.69%,4293.38,4329.19,4258.34,477500,2026-03-20
BKR,"Baker Hughes Company",60.35,-0.36,-0.59%,60.76,61.29,59.9,18831301,2026-03-20
BLD,"Topbuild Corp",335.44,-11.54,-3.33%,346.04,346.25,331.33,629900,2026-03-20
BLDR,"Builders Firstsource",81.22,-3.27,-3.87%,83.8,84.48,80,3943800,2026-03-20
BLK,"Blackrock Inc",957.91,-11.69,-1.21%,970.26,971.79,945.52,1410100,2026-03-20
BLSH,"Bullish Ord Shs",37.97,-1.63,-4.12%,39.55,39.55,37.77,1771000,2026-03-20
BMRN,"Biomarin Pharmaceuticals",54.13,-0.9,-1.64%,54.86,55.71,53.76,4353400,2026-03-20
BMY,"Bristol-Myers Squibb Company",57.48,-0.63,-1.08%,58.26,58.545,56.91,65847700,2026-03-20
BOKF,"Bok Financial Corp",125.07,-0.62,-0.49%,125.69,125.91,124.06,735800,2026-03-20
BPOP,"Popular Inc",130.48,-0.38,-0.29%,130.78,132.02,129.39,1040500,2026-03-20
BR,"Broadridge Financial Solutions Llc",174.36,-0.02,-0.01%,173.96,176.46,172.945,6160800,2026-03-20
BRBR,"Bellring Brands Inc Cl A",17.22,-0.12,-0.69%,17.3,17.5,16.79,5512700,2026-03-20
BRK.B,"Berkshire Hathaway Cl B",480.94,-0.54,-0.11%,481.63,485.12,479.66,7786400,2026-03-20
BRKR,"Bruker Corp",33.35,-0.28,-0.83%,33.43,34.29,33.17,2546100,2026-03-20
BRO,"Brown & Brown",67.05,0.48999999999999,+0.74%,66.82,68.33,66.55,6025100,2026-03-20
BROS,"Dutch Bros Inc Cl A",50,-0.93,-1.83%,50.43,51.75,49.6925,3353600,2026-03-20
BRX,"Brixmor Property Group Inc",28.71,-0.79,-2.68%,29.52,29.53,28.5,4845300,2026-03-20
BSX,"Boston Scientific Corp",69.48,-0.41,-0.59%,69.77,70.645,69.38,20129700,2026-03-20
BSY,"Bentley Systems Inc Cl B",37.85,-0.04,-0.11%,37.46,38.32,37.05,3889800,2026-03-20
BURL,"Burlington Stores Inc",310.38,-1.61,-0.52%,310.89,314.555,305.99,1017700,2026-03-20
BWA,"Borgwarner Inc",52.23,-0.2,-0.38%,51.89,52.71,51.6,5879200,2026-03-20
BWXT,"Bwx Technologies Inc",199.75,-10.37,-4.94%,209.66,211.5099,197.22,1632800,2026-03-20
BX,"Blackstone Inc",110.43,-3.04,-2.68%,112.64,113.1,109.68,50695500,2026-03-20
BXP,"Bxp Inc",52.08,-1.33,-2.49%,53.43,53.55,51.79,4290400,2026-03-20
BYD,"Boyd Gaming Corp",81.06,-2.,-2.41%,82.77,82.89,80.48,2330600,2026-03-20
C,"Citigroup Inc",109.52,-0.33,-0.30%,109.6,111.21,108.86,29718400,2026-03-20
CACC,"Credit Acceptance",431.18,-18.6,-4.14%,449.9,451.35,422.16,278900,2026-03-20
CACI,"Caci International",606.38,-6.55,-1.07%,607.47,615.765,602.5,492400,2026-03-20
CAG,"Conagra Brands Inc",15.16,-0.24,-1.56%,15.405,15.4998,15.065,24494300,2026-03-20
CAH,"Cardinal Health",207.83,-3.09,-1.47%,211.11,212.12,206.7,4250900,2026-03-20
CAI,"Caris Life Sciences Inc",18.41,-0.4,-2.13%,18.8,19.2,17.94,8271300,2026-03-20
CAR,"Avis Budget Group",99.9,-0.54,-0.54%,100.28,101.48,97.98,1486000,2026-03-20
CARR,"Carrier Global Corp",58.07,-0.9,-1.53%,59,59.57,57.7,13673700,2026-03-20
CART,"Maplebear Inc [Instacart]",36.93,0.44,+1.21%,36.56,37.28,36.05,5651700,2026-03-20
CASY,"Casey's General Stor",659.63,-5.53,-0.83%,665.01,670.51,651,479400,2026-03-20
CAT,"Caterpillar Inc",680.88,-7.77,-1.13%,686.63,694.06,670.44,5131100,2026-03-20
CAVA,"Cava Group Inc",84.27,-3.37,-3.85%,87.18,87.87,83.19,3253700,2026-03-20
CB,"Chubb Ltd",322.58,-1.06,-0.33%,322.3,325.465,321.135,3736200,2026-03-20
CBOE,"CBOE Global Markets Inc",283.95,-0.46,-0.16%,285.63,286.745,282.477,985700,2026-03-20
CBRE,"CBRE Group Inc",131.99,-1.22,-0.92%,133.03,133.795,130.7,3525300,2026-03-20
CBSH,"Commerce Bancshares",47.68,0.1,+0.21%,47.55,47.96,47.33,4073200,2026-03-20
CCC,"CCC Intelligent Solutions Hldgs Inc",6.21,0.1,+1.64%,6.11,6.27,5.98,17552000,2026-03-20
CCI,"Crown Castle Inc",82.36,-2.71,-3.19%,85.13,86.015,81.7,5086800,2026-03-20
CCK,"Crown Cork & Seal Company",98.44,-2.55,-2.53%,100.98,101,98.27,1877500,2026-03-20
CCL,"Carnival Corp",24.12,-0.82,-3.29%,24.57,24.76,23.91,48721600,2026-03-20
CDNS,"Cadence Design Sys",283.9,-3.5,-1.22%,286.42,287.39,281.46,3349500,2026-03-20
CDW,"CDW Corp",120.27,0.62,+0.52%,119.78,120.85,118.73,4758000,2026-03-20
CE,"Celanese Corp",56.95,-3.38,-5.60%,59.76,60.615,56.295,2747100,2026-03-20
CEG,"Constellation Energy Corp",281.99,-34.48,-10.90%,314.44,316.47,277.86,6107400,2026-03-20
CELH,"Celsius Holdings Inc",41.51,-1.45,-3.38%,42.67,42.9,41.22,7611900,2026-03-20
CERT,"Certara Inc",6.15,-0.23,-3.61%,6.37,6.39,6.09,6490800,2026-03-20
CF,"Cf Industries Holdings",124.9,-0.66,-0.53%,125.55,130.1,123.71,16466700,2026-03-20
CFG,"Citizens Financial Group Inc/Ri",57.02,-0.03,-0.05%,57.07,57.41,56.32,9118300,2026-03-20
CFR,"Cullen/Frost Bankers",132.25,1.27,+0.97%,131.03,132.5,130.23,1003200,2026-03-20
CG,"The Carlyle Group",47.13,-0.59,-1.24%,47.83,48.1,46.68,3642000,2026-03-20
CGNX,"Cognex Corp",49.24,-1.01,-2.01%,50.01,50.49,48.69,3708700,2026-03-20
CHD,"Church & Dwight Company",94.69,0.11,+0.12%,94.5,95.18,93.665,4780500,2026-03-20
CHDN,"Churchill Downs IN",83.73,-4.1,-4.67%,86.93,87.31,83.23,1595500,2026-03-20
CHE,"Chemed Inc",377.99,-6.84,-1.78%,383.97,386.48,377.11,523900,2026-03-20
CHH,"Choice Hotels International",97.63,-1.9,-1.91%,98.55,99.3,97.63,696500,2026-03-20
CHRD,"Chord Energy Corp",131.91,1.43,+1.10%,130.06,132.21,129.4,2843900,2026-03-20
CHRW,"C.H. Robinson Ww",168.88,-5.93,-3.39%,173.54,175.01,166.65,2788800,2026-03-20
CHTR,"Charter Communications Inc",213.01,1.38,+0.65%,210.66,216.44,209,2645200,2026-03-20
CHWY,"Chewy Inc",23.37,-0.91,-3.75%,24.24,24.28,23.165,11240100,2026-03-20
CI,"The Cigna Group",262.84,-1.73,-0.65%,263.28,266.175,261.01,3839900,2026-03-20
CIEN,"Ciena Corp",383.89,-28.69,-6.95%,416,419.8,380.11,5809500,2026-03-20
CINF,"Cincinnati Financial",158.43,0.57,+0.36%,157.81,158.85,156.65,4145100,2026-03-20
CL,"Colgate-Palmolive Company",85.12,-0.38,-0.44%,86.03,86.145,84.07,12313700,2026-03-20
CLF,"Cleveland-Cliffs Inc",7.82,-0.36,-4.40%,8.1,8.15,7.73,26743100,2026-03-20
CLH,"Clean Harbors",275.88,-13.58,-4.69%,289.39,290,275,940800,2026-03-20
CLVT,"Clarivate Analytics Plc",2.49,-0.04,-1.58%,2.55,2.6,2.47,9635300,2026-03-20
CLX,"Clorox Company",106.15,-0.47,-0.44%,107.21,107.4,105.62,4823200,2026-03-20
CMCSA,"Comcast Corp A",29.02,0.04,+0.14%,28.92,29.51,28.84,246107094,2026-03-20
CME,"CME Group Inc",307.32,-3.39,-1.09%,310.31,311.86,304.5,3942800,2026-03-20
CMG,"Chipotle Mexican Grill",33.37,0.43,+1.31%,33.67,33.74,32.93,25934700,2026-03-20
CMI,"Cummins Inc",533.54,-6.7,-1.24%,539.15,542.705,525.56,1178800,2026-03-20
CMS,"Cms Energy Corp",74.42,-3.03,-3.91%,77.44,77.565,74.19,4728800,2026-03-20
CNA,"CNA Financial Corp",45.36,0.24,+0.53%,44.93,45.37,44.68,1803300,2026-03-20
CNC,"Centene Corp",34.4,-1.17,-3.29%,35.575,35.575,33.985,13334600,2026-03-20
CNH,"CNH Industrial N.V.",9.94,-0.14,-1.39%,10.1,10.19,9.855,27702900,2026-03-20
CNM,"Core & Main Inc Cl A",47.4,-0.1,-0.21%,47.3,47.78,46.8,3211600,2026-03-20
CNP,"Centerpoint Energy Inc",42.02,-1.23,-2.84%,43.24,43.45,41.81,10674200,2026-03-20
CNXC,"Concentrix Corp",31.52,-0.4,-1.25%,31.99,32.01,30.94,2635700,2026-03-20
COF,"Capital One Financial Corp",181.46,1.73,+0.96%,179.24,181.55,177.53,10035900,2026-03-20
COHR,"Coherent Corp",253.63,-21.94,-7.96%,280.53,281.16,241.01,51484800,2026-03-20
COIN,"Coinbase Global Inc Cl A",197.5,-5.41,-2.67%,202.5,203.3,194.79,13305100,2026-03-20
COKE,"Coca-Cola Consolidated Inc",201.45,-8.98,-4.27%,210.31,210.31,200.41,1418300,2026-03-20
COLB,"Columbia Banking Sys",26.14,-0.27,-1.02%,26.37,26.57,25.83,9223500,2026-03-20
COLD,"Americold Realty Trust",11.25,-0.26,-2.26%,11.52,11.58,11.07,5309300,2026-03-20
COLM,"Columbia Sprtswr",55.23,-0.09,-0.16%,55.43,55.9,54.76,1099100,2026-03-20
COO,"Cooper Companies",69.96,-0.75,-1.06%,70.8,70.84,69.32,2498800,2026-03-20
COP,Conocophillips,126.92,0.90000000000001,+0.71%,126.3,128.1299,126.11,31963900,2026-03-20
COR,"Cencora Inc",326.91,-4.83,-1.46%,330.65,332.93,326.8,3003900,2026-03-20
CORT,"Corcept Therapeutics",34.64,0.56,+1.64%,35.5,36.35,34.46,3205400,2026-03-20
COST,"Costco Wholesale",972.33,-2.45,-0.25%,975.08,980.76,970.54,2621500,2026-03-20
COTY,"Coty Inc",2.14,-0.01,-0.47%,2.16,2.18,2.1223,13290900,2026-03-20
CPAY,"Corpay Inc",287.46,3.08,+1.08%,283.01,288.715,281.16,897300,2026-03-20
CPB,"The Campbell's Company",21.07,0.04,+0.19%,20.98,21.21,20.8,11692400,2026-03-20
CPNG,"Coupang Inc Cl A",18.83,-0.45,-2.33%,19.43,19.435,18.685,22789700,2026-03-20
CPRT,"Copart Inc",32.86,0.34,+1.05%,32.45,33.06,32.44,13790001,2026-03-20
CPT,"Camden Property Trust",97.36,-2.32,-2.33%,99.24,99.85,96.71,2117600,2026-03-20
CR,"Crane Company",167.93,-6.35,-3.64%,172.91,174.98,166.685,851600,2026-03-20
CRCL,"Circle Internet Group Inc Cl A",126.03,-2.3,-1.79%,127.975,132.38,122.91,22700700,2026-03-20
CRH,"CRH Plc ADR",100.47,-0.55,-0.54%,102.06,102.215,99.36,9817700,2026-03-20
CRL,"Charles River Laboratories Intl",153.6,0.54999999999998,+0.36%,152.86,155.875,150.825,808600,2026-03-20
CRM,"Salesforce Inc",195.38,0.38999999999999,+0.20%,193.21,195.6699,190,20201000,2026-03-20
CROX,"Crocs Inc",75.78,-1.51,-1.95%,76.72,77.04,75.13,1407600,2026-03-20
CRS,"Carpenter Technology Corp",362.4,-15.76,-4.17%,382.2,382.2,360.33,1093300,2026-03-20
CRUS,"Cirrus Logic Inc",136.07,-0.67,-0.49%,136.74,137.85,134.74,1179700,2026-03-20
CRWD,"Crowdstrike Holdings Inc",409,-19.18,-4.48%,423.67,424.31,403.61,9111399,2026-03-20
CSCO,"Cisco Systems Inc",77.65,-0.86,-1.10%,78.44,79.04,76.71,90380797,2026-03-20
CSGP,"Costar Group Inc",42.9,0.08,+0.19%,42.24,43.27,41.96,15183200,2026-03-20
CSL,"Carlisle Companies Inc",327.52,-5.3,-1.59%,332.39,334.49,324.465,970000,2026-03-20
CSX,"CSX Corp",38.17,-0.32,-0.83%,38.48,38.64,37.88,20249100,2026-03-20
CTAS,"Cintas Corp",179.34,-2.49,-1.37%,181.81,183.53,177.94,3838400,2026-03-20
CTRA,"Coterra Energy Inc",33.97,0.07,+0.21%,33.82,34.5898,33.71,30557600,2026-03-20
CTSH,"Cognizant Tech Sol",62.07,0.52,+0.84%,61.32,62.15,60.92,12582900,2026-03-20
CTVA,"Corteva Inc",77.33,-0.74,-0.95%,78.58,78.58,76.75,9435700,2026-03-20
CUBE,Cubesmart,36.69,-1.53,-4.00%,37.98,38.14,36.38,3882700,2026-03-20
CUZ,"Cousins Properties Inc",21.85,-1.2,-5.21%,23.06,23.245,21.78,3299300,2026-03-20
CVNA,"Carvana Company Cl A",281.28,-12.9,-4.39%,291.11,291.36,276.74,3311900,2026-03-20
CVS,"CVS Corp",71.48,-0.38,-0.53%,71.5,71.73,70.21,18871300,2026-03-20
CVX,"Chevron Corp",201.73,0.28999999999999,+0.14%,201.4,205.08,201,35849400,2026-03-20
CW,"Curtiss-Wright Corp",671.19,-20.43,-2.95%,681.21,695.26,660,664600,2026-03-20
CWEN,"Clearway Energy Inc Cl C",37.44,-2.25,-5.67%,39.69,39.73,37.36,1852100,2026-03-20
CWE.A,"Clearway Energy Inc [Cwen.A]",37.26,-2.2,-5.58%,39.48,39.505,37.165,1314600,2026-03-20
CXT,"Crane Nxt CO",40.37,-1.19,-2.86%,41.18,41.38,40.01,1086300,2026-03-20
CZR,"Caesars Entertainment Inc",26.76,-0.68,-2.48%,27.5,27.51,26.58,5226100,2026-03-20
D,"Dominion Energy Inc",59.38,-1.64,-2.69%,61.1,61.26,59.09,7784700,2026-03-20
DAL,"Delta Air Lines Inc",63.44,-1.57,-2.42%,64.75,64.91,62.68,17890100,2026-03-20
DAR,"Darling International Inc",55.14,-1.66,-2.92%,56.6,57.31,54.5905,3019500,2026-03-20
DASH,"Doordash Inc Cl A",156.64,-2.62,-1.65%,157.78,158.91,153,7569400,2026-03-20
DBX,"Dropbox Inc",25.02,-0.15,-0.60%,25.04,25.24,24.69,5050100,2026-03-20
DCI,"Donaldson Company",83.65,-0.45,-0.54%,83.85,83.85,82.46,2427400,2026-03-20
DD,"Dupont Denemours Inc",42.44,-1.08,-2.48%,43.74,43.92,42.04,10006900,2026-03-20
DDOG,"Datadog Inc Cl A",125.08,-4.86,-3.74%,128.16,128.45,124.47,10459700,2026-03-20
DDS,Dillard's,591,-11.14,-1.85%,598.95,602.93,586.265,166400,2026-03-20
DE,"Deere & Company",559.73,-7.85,-1.38%,568.57,573.71,551.275,2727200,2026-03-20
DECK,"Deckers Outdoor Corp",100.43,-4.48,-4.27%,103.88,105.19,99.56,3669700,2026-03-20
DELL,"Dell Technologies Inc",157.67,0.91,+0.58%,163.5,169.9,157.67,23135800,2026-03-20
DG,"Dollar General Corp",124.52,1.07,+0.87%,124.63,124.85,122.7,4147800,2026-03-20
DGX,"Quest Diagnostics Inc",195.26,1.1,+0.57%,194.07,196.83,192.79,2030100,2026-03-20
DHI,"D.R. Horton",133.12,-4.86,-3.52%,137.56,137.765,131.75,6728900,2026-03-20
DHR,"Danaher Corp",189.35,-0.76,-0.40%,189.48,191.28,187.97,5686200,2026-03-20
DINO,"HF Sinclair Corp",60.22,-0.27,-0.45%,60.49,60.9999,59.39,7420400,2026-03-20
DIS,"Walt Disney Company",99.51,0.31,+0.31%,99.01,100.025,98.39,27544200,2026-03-20
DJT,"Trump Media & Technology Group Corp",8.58,-0.08,-0.92%,8.59,8.69,8.31,5962700,2026-03-20
DKNG,"Draftkings Inc",23.67,-1.24,-4.98%,24.91,24.91,23.57,15448500,2026-03-20
DKS,"Dick's Sporting Goods Inc",190.01,-3.03,-1.57%,192.31,192.42,188.42,1311700,2026-03-20
DLB,"Dolby Laboratories",60.33,-1.18,-1.92%,61.18,61.37,59.89,1527400,2026-03-20
DLR,"Digital Realty Trust",173.3,-6.55,-3.64%,179.99,180.275,173.08,3062700,2026-03-20
DLTR,"Dollar Tree Inc",105.92,0.36,+0.34%,105.56,106.92,104.21,4671400,2026-03-20
DOC,"Healthpeak Properties Inc",17.05,-0.68,-3.84%,17.61,17.66,16.98,13755000,2026-03-20
DOCS,"Doximity Inc Cl A",24.41,-0.39,-1.57%,24.69,24.95,24.24,5112600,2026-03-20
DOCU,"Docusign Inc",47.23,-0.52,-1.09%,47.02,48.71,46.4,8083600,2026-03-20
DOV,"Dover Corp",209.37,-2.12,-1.00%,210.42,213.43,207.7,1922900,2026-03-20
DOW,"Dow Inc",36.65,-0.84,-2.24%,37.82,38.32,36.48,15453500,2026-03-20
DOX,"Amdocs Ltd Ord",64.83,0.49,+0.76%,64.12,65.03,63.53,1957500,2026-03-20
DPZ,"Domino's Pizza Inc",373.35,-1.95,-0.52%,373.43,375.13,365.1,1262200,2026-03-20
DRI,"Darden Restaurants",203.05,-1.37,-0.67%,205.13,208,201.78,5472400,2026-03-20
DRS,"Leonardo Drs Inc",43.82,-1.66,-3.65%,45.07,45.43,43.17,1371000,2026-03-20
DT,"Dynatrace Inc",38.05,-1.01,-2.59%,38.66,38.66,37.62,27371100,2026-03-20
DTE,"Dte Energy Company",141.57,-5.57,-3.79%,147.41,147.42,141.422,2498900,2026-03-20
DTM,"Dt Midstream Inc",131.93,-6.31,-4.56%,139.18,139.18,131.88,2316800,2026-03-20
DUK,"Duke Energy Corp",126.81,-2.93,-2.26%,130.43,130.54,126.77,7644700,2026-03-20
DUOL,"Duolingo Inc Cl A",98.05,-1.56,-1.56%,98.15,100.09,96.52,2028200,2026-03-20
DV,"Doubleverify Holdings Inc",10.05,0.010000000000002,+0.10%,10.01,10.07,9.84,4585800,2026-03-20
DVA,"Davita Healthcare Partners Inc",149.31,-0.45,-0.30%,148.87,152.485,148.87,2285900,2026-03-20
DVN,"Devon Energy Corp",48.66,-0.13,-0.27%,48.72,49.67,48.42,56064500,2026-03-20
DXC,"Dxc Technology Company",11.9,-0.08,-0.67%,11.95,12.01,11.75,4662300,2026-03-20
DXCM,"Dexcom Inc",66.95,-0.32,-0.48%,67.42,67.91,66,8047200,2026-03-20
EA,"Electronic Arts Inc",200.51,-0.18,-0.09%,200.5,200.98,200.21,5139400,2026-03-20
EBAY,"Ebay Inc",88.98,-1.76,-1.94%,90.59,91,88.16,10699101,2026-03-20
ECG,"Everus Construction Group Inc",110.95,-6.56,-5.58%,117.28,117.28,109.55,1251800,2026-03-20
ECL,"Ecolab Inc",256.48,-2.22,-0.86%,257.03,259.05,254.34,2877600,2026-03-20
ED,"Consolidated Edison Company",109.45,-2.24,-2.01%,111.82,111.9686,108.82,4149900,2026-03-20
EEFT,"Euronet Worldwide",66.53,-0.76,-1.13%,67.06,67.4,66,922000,2026-03-20
EFX,"Equifax Inc",178.02,-3.48,-1.92%,181.34,181.735,176.89,2865400,2026-03-20
EG,"Everest Re Group",316.02,0.060000000000002,+0.02%,315.98,318.06,314.7225,678900,2026-03-20
EGP,"Eastgroup Properties",183.09,-4.06,-2.17%,188.17,188.17,181.43,628200,2026-03-20
EHC,"Encompass Health Corp",95.86,-2.03,-2.07%,97.21,97.8,95.665,1513900,2026-03-20
EIX,"Edison International",69.75,-2.14,-2.98%,72.2,72.38,68.88,8379700,2026-03-20
EL,"Estee Lauder Companies",85.92,0.32000000000001,+0.37%,85.32,86.67,84.5,5640400,2026-03-20
ELAN,"Elanco Animal Health Inc",23.98,-1.14,-4.54%,24.78,24.93,23.76,9322800,2026-03-20
ELF,"E.L.F. Beauty Inc",72.5,-0.9,-1.23%,72.97,74.18,71.691,2013700,2026-03-20
ELS,"Equity Lifestyle Properties",64.22,-1.,-1.53%,65.37,65.37,63.795,2427600,2026-03-20
ELV,"Elevance Health Inc",291.48,0.33000000000004,+0.11%,290.58,293.96,287.7,2452600,2026-03-20
EME,"Emcor Group",724.93,-26.4,-3.51%,750.05,755.4144,718.2,919200,2026-03-20
EMN,"Eastman Chemical Company",65.33,-3.43,-4.99%,68.86,69.17,64.59,5098200,2026-03-20
EMR,"Emerson Electric Company",128.15,-1.75,-1.35%,129.61,130.345,126.62,3352900,2026-03-20
ENPH,"Enphase Energy Inc",44.11,-0.53,-1.19%,44.56,46.87,43.43,6996800,2026-03-20
ENTG,"Entegris Inc",114.66,-1.2,-1.04%,115.27,116.24,111.15,3584200,2026-03-20
EOG,"Eog Resources",138.73,-0.09,-0.06%,139.35,140.9199,138.25,15690000,2026-03-20
EPAM,"Epam Systems Inc",137.43,1.76,+1.30%,134.89,137.51,134,2491200,2026-03-20
EPR,"Entertainment Properties Trust",50.46,-3.02,-5.65%,53.5,53.5,50.22,2130900,2026-03-20
EQH,"Axa Equitable Holdings Inc",37.35,0.11,+0.30%,37.2,37.56,36.805,7136100,2026-03-20
EQIX,"Equinix Inc",959.16,-15.6,-1.60%,975.73,979.39,953.72,1817900,2026-03-20
EQR,"Equity Residential",57.98,-1.33,-2.24%,59.32,59.51,57.57,4113300,2026-03-20
EQT,"Eqt Corp",64.67,-0.01,-0.02%,65,66.27,64.43,15139200,2026-03-20
ES,"Eversource Energy",66.67,-2.95,-4.24%,68.9,69.672,66.32,7240700,2026-03-20
ESAB,"Esab Corp",94.21,-4.13,-4.20%,98.33,98.78,94.05,1340200,2026-03-20
ESI,"Element Solutions Inc",31.04,-0.76,-2.39%,31.82,32.08,30.74,3623200,2026-03-20
ESS,"Essex Property Trust",240.19,-6.09,-2.47%,246.47,247.39,239.99,878800,2026-03-20
ESTC,"Elastic N.V.",53.31,-1.84,-3.34%,54,54.52,52.64,7821300,2026-03-20
ETN,"Eaton Corp",356.8,-3.43,-0.95%,361.49,367.0542,353.6501,4219100,2026-03-20
ETR,"Entergy Corp",99.9,-4.04,-3.89%,104.01,104.25,99.24,5883500,2026-03-20
ETSY,"Etsy Inc",52.84,-1.92,-3.51%,54.18,54.67,52.32,3372100,2026-03-20
EVR,"Evercore Partners Inc",274.87,-0.02,-0.01%,274.25,277.945,271,793600,2026-03-20
EVRG,"Evergy Inc",78.7,-2.36,-2.91%,80.75,81.22,78.15,3789600,2026-03-20
EW,"Edwards Lifesciences Corp",82.5,0.040000000000006,+0.05%,81.86,83.0425,81.86,4358600,2026-03-20
EWBC,"East West Bancorp",103.53,-1.89,-1.79%,105.33,105.6,103.17,5583800,2026-03-20
EXAS,"Exact Sciences Cor",104.91,0.99,+0.95%,104.93,104.98,104.9,21562100,2026-03-20
EXC,"Exelon Corp",46.44,-1.57,-3.27%,47.51,48.11,46.18,15405100,2026-03-20
EXE,"Expand Energy Corporation",107.32,-0.63,-0.58%,108.19,108.94,106.23,9769000,2026-03-20
EXEL,"Exelixis Inc",41.27,0.01,+0.02%,41.1,41.72,40.9,6698400,2026-03-20
EXLS,"Exlservice Holdings",30.92,0.17,+0.55%,30.67,31.3,30.53,3700800,2026-03-20
EXP,"Eagle Materials Inc",173.07,-3.92,-2.21%,178.44,178.44,171.99,665200,2026-03-20
EXPD,"Expeditors Intl",146.35,-0.89,-0.60%,146.79,147.4,144.86,1702200,2026-03-20
EXPE,"Expedia Group Inc",235.18,-4.23,-1.77%,238.53,238.93,230.35,4866900,2026-03-20
EXR,"Extra Space Storage Inc",130.26,-5.73,-4.21%,135.04,136.07,129.47,2102300,2026-03-20
F,"Ford Motor Company",11.52,-0.12,-1.03%,11.64,11.68,11.37,147725000,2026-03-20
FAF,"First American Corp",56.85,-1.39,-2.39%,58.01,58.1,56.2,3012200,2026-03-20
FANG,"Diamondback Energy",192.54,2.23,+1.17%,190.31,194.68,190.02,4606700,2026-03-20
FAST,"Fastenal Company",43.76,-0.73,-1.64%,44.37,44.79,43.47,30102400,2026-03-20
FBIN,"Fortune Brands Innovations Inc",38.68,-2.22,-5.43%,40.82,40.84,38.375,4450700,2026-03-20
FCN,"Fti Consulting",174.2,4.83,+2.85%,169,177.56,168,956800,2026-03-20
FCNCA,"First Citizens Bancs",1822.39,19.16,+1.06%,1812.31,1833.82,1797.02,114700,2026-03-20
FCX,"Freeport-Mcmoran Inc",52.09,-1.53,-2.85%,53.07,53.92,51.505,25007200,2026-03-20
FDS,"Factset Research Systems Inc",209.27,0.43000000000001,+0.21%,208.03,212.415,206,2000300,2026-03-20
FDX,"Fedex Corp",358.85,2.74,+0.77%,380.82,383.18,356.54,6967900,2026-03-20
FE,"Firstenergy Corp",48.54,-1.15,-2.31%,49.75,49.97,48.2,8570300,2026-03-20
FERG,"Ferguson Enterprises Inc",217.56,-0.15,-0.07%,218.34,220,215.87,1648100,2026-03-20
FFIV,"F5 Inc",284.28,-6.02,-2.07%,291.06,295.51,282.25,2968100,2026-03-20
FHB,"First Hawaiian Inc",23.8,0.11,+0.46%,23.69,23.85,23.53,3236100,2026-03-20
FHN,"First Horizon Corp",21.85,0.12,+0.55%,21.76,21.925,21.611,11978600,2026-03-20
FICO,"Fair Isaac and Company",1127.62,14.46,+1.30%,1110.0601,1128.2,1097.46,614100,2026-03-20
FIGR,"Figure Technology Solutions Inc Cl A",34.29,1.21,+3.66%,32.93,34.67,32.32,6374400,2026-03-20
FIS,"Fidelity National Information Services",49.79,0.53,+1.08%,48.88,49.94,48.67,8900200,2026-03-20
FISV,"Fiserv Inc",57.07,0.05,+0.09%,56.85,57.42,56.33,8027200,2026-03-20
FITB,"Fifth Third Bancorp",44.19,0.53,+1.21%,43.66,44.22,43.38,23876699,2026-03-20
FIVE,"Five Below Inc",227.42,-7.75,-3.30%,235,237.5,225.2,1990400,2026-03-20
FIX,"Comfort Systems USA",1356.75,-87.85,-6.08%,1425.42,1450.05,1346.0699,933500,2026-03-20
FLEX,"Flextronics Intl Ltd",61.64,-4.15,-6.31%,65.08,65.82,61.14,5263400,2026-03-20
FLO,"Flowers Foods",8.18,-0.19,-2.27%,8.36,8.37,8.17,9228900,2026-03-20
FLS,"Flowserve Corp",71.4,-2.5,-3.38%,73.71,74.73,70.93,2028100,2026-03-20
FLUT,"Flutter Entertainment Plc",104.81,-1.6,-1.50%,105.88,107.15,103.855,3816000,2026-03-20
FMC,"FMC Corp",13.09,-0.84,-6.03%,13.81,13.95,13.04,13986700,2026-03-20
FNB,"F.N.B. Corp",16.01,0,0.00%,16.04,16.09,15.81,10754500,2026-03-20
FND,"Floor & Decor Holdings Inc",50.1,-3.16,-5.93%,52.56,53.1275,49.89,3939200,2026-03-20
FNF,"Fidelity National Financial",43.26,-1.63,-3.63%,44.74,44.89,42.78,8986900,2026-03-20
FOUR,"Shift4 Payments Inc",41.17,-0.78,-1.86%,41.51,42.2,40.6,2787600,2026-03-20
FOX,"Fox Corp Cl B",52.18,0.16,+0.31%,51.93,52.58,51.75,4115100,2026-03-20
FOXA,"Fox Corp Cl A",57.82,0.14,+0.24%,57.62,58.63,57.4,6375500,2026-03-20
FR,"First Industrial Realty Trust",57,-1.83,-3.11%,58.88,58.88,56.67,2414400,2026-03-20
FRHC,"The Awareness Group",138.76,0.48,+0.35%,138.28,139.28,135.49,164400,2026-03-20
FRMI,"Fermi Inc",7.2,-0.67,-8.51%,7.8,7.91,7.17,8218500,2026-03-20
FRPT,"Freshpet Inc CS",64.54,1.37,+2.17%,64.03,65.25,62.41,1724700,2026-03-20
FRT,"Federal Realty Investment Trust",103.15,-3.14,-2.95%,106.33,106.33,102.79,1448800,2026-03-20
FSLR,"First Solar Inc",192.82,-6.83,-3.42%,194.74,197.82,189.78,3564900,2026-03-20
FTAI,"Ftai Aviation Ltd",230.03,-10.11,-4.21%,236.54,239.1,228.07,3915200,2026-03-20
FTI,"Technipfmc Plc",65.26,-0.96,-1.45%,66.11,66.49,64.61,9919700,2026-03-20
FTNT,"Fortinet Inc",81.4,-1.72,-2.07%,82.96,82.96,80.27,16257800,2026-03-20
FTV,"Fortive Corp",55.22,-0.33,-0.59%,55.5,56.14,54.73,4696200,2026-03-20
FWONA,"Liberty Media Formula One Sr A",74.51,-1.16,-1.53%,75.2,76.04,73.7,383200,2026-03-20
FWONK,"Liberty Media Formula One Sr C",81.42,-1.99,-2.39%,83.27,84.15,81.24,1788200,2026-03-20
G,"Genpact Ltd",38.7,0.39,+1.02%,38.29,38.71,37.85,4176300,2026-03-20
GAP,"Gap Inc",23.91,-0.17,-0.71%,24.07,24.285,23.68,9355900,2026-03-20
GD,"General Dynamics Corp",345.78,-3.85,-1.10%,349.01,352.0499,343.08,2894100,2026-03-20
GDDY,"Godaddy Inc",84.89,1.23,+1.47%,82.9,84.92,81.68,5604800,2026-03-20
GE,"GE Aerospace",286.79,-4.82,-1.65%,290,293.43,282.29,10192300,2026-03-20
GEHC,"GE Healthcare Technologies Inc",69.65,-0.73,-1.04%,69.87,70.56,69,5121500,2026-03-20
GEN,"Gen Digital Inc",20.97,0.41,+1.99%,20.48,21.02,20.15,36134602,2026-03-20
GEV,"GE Vernova Inc",851.07,-26.32,-3.00%,877.77,891.99,844.25,4438000,2026-03-20
GFS,"Globalfoundries Inc",43.08,-0.28,-0.65%,43.06,44.38,42.65,8014700,2026-03-20
GGG,"Graco Inc",83.89,-0.39,-0.46%,84.28,85.03,83.345,1984200,2026-03-20
GILD,"Gilead Sciences Inc",137.21,-3.9,-2.76%,140.43,141,136.49,15521800,2026-03-20
GIS,"General Mills",37.01,-0.49,-1.31%,37.53,37.67,37.01,28159000,2026-03-20
GL,"Globe Life Inc",136.8,-0.91,-0.66%,137.68,137.84,135.74,784400,2026-03-20
GLIBA,"Gci Liberty Inc Series A Gci",35.38,-0.26,-0.73%,35.64,35.78,34.79,100800,2026-03-20
GLIBK,"Gci Liberty Inc Series C Gci",35.4,-0.49,-1.37%,35.85,36.41,35.13,819200,2026-03-20
GLOB,"Globant S.A.",44.71,-0.33,-0.73%,44.42,45.63,43.5,1514800,2026-03-20
GLPI,"Gaming & Leisure",46.04,-1.08,-2.29%,47.15,47.15,45.61,4058600,2026-03-20
GLW,"Corning Inc",124.58,-8.5,-6.39%,132.36,134.78,124.41,22234000,2026-03-20
GM,"General Motors Company",72.81,-0.98,-1.33%,73.52,73.9,72.095,17760000,2026-03-20
GME,"Gamestop Corp",22.57,-0.66,-2.84%,23.1,23.175,22.36,7088100,2026-03-20
GMED,"Globus Medical Inc",86.26,-0.04,-0.05%,86.19,86.5,84.66,1538100,2026-03-20
GNRC,"Generac Holdings Inc",199.31,-1.54,-0.77%,199.98,202.88,195.68,1588000,2026-03-20
GNTX,"Gentex Corp",20.7,-0.21,-1.00%,20.9,20.95,20.48,3306400,2026-03-20
GOOG,"Alphabet Cl C",298.79,-6.94,-2.27%,304.07,304.37,296.75,34763500,2026-03-20
GOOGL,"Alphabet Cl A",301,-6.13,-2.00%,305.46,306,298.27,44364000,2026-03-20
GPC,"Genuine Parts Company",96.38,-2.71,-2.73%,99,99.96,96.08,3982700,2026-03-20
GPK,"Graphic Packaging Holding Company",8.91,-0.45,-4.81%,9.19,9.27,8.785,26410100,2026-03-20
GPN,"Global Payments Inc",68.5,0.31999999999999,+0.47%,68,69.02,67.165,5448300,2026-03-20
GRMN,"Garmin Ltd",232.36,-2.75,-1.17%,234.88,234.88,230.68,1376400,2026-03-20
GS,"Goldman Sachs Group",813.53,4.03,+0.50%,807,827.23,804.9265,3918400,2026-03-20
GTES,"Gates Industrial Corp Plc",21.74,-0.4,-1.81%,22.11,22.145,21.465,5986500,2026-03-20
GTLB,"Gitlab Inc Cl A",22.25,-0.64,-2.80%,22.87,22.87,21.98,8029100,2026-03-20
GTM,"Zoominfo Technologies Inc Cl A",5.91,-0.04,-0.67%,5.88,5.97,5.72,56032797,2026-03-20
GWRE,"Guidewire Software Inc",155.61,-0.42,-0.27%,153.71,158.2,151.4,2074800,2026-03-20
GWW,"W.W. Grainger",1041.95,-1.1,-0.11%,1039.86,1059.5,1035.3,494200,2026-03-20
GXO,"Gxo Logistics Inc",49.93,-1.34,-2.61%,51.36,51.7,49.41,2072800,2026-03-20
H,"Hyatt Hotels Corp",142.11,-2.23,-1.54%,143.2,144.165,140.8,901200,2026-03-20
HAL,"Halliburton Company",36.53,-0.4,-1.08%,37.24,37.36,36.23,58782100,2026-03-20
HALO,"Halozyme Therapeutic",63.43,0.16,+0.25%,63.25,63.78,62.51,3570400,2026-03-20
HAS,"Hasbro Inc",91.11,-0.25,-0.27%,91.03,91.79,90.24,2715800,2026-03-20
HAYW,"Hayward Holdings Inc",13.64,-0.14,-1.02%,13.84,13.95,13.5101,2807500,2026-03-20
HBAN,"Huntington Bancshares Inc",15.09,-0.08,-0.53%,15.17,15.24,14.97,40814500,2026-03-20
HCA,"Hca Holdings Inc",493.88,-5.77,-1.15%,500.1,501.84,490.58,2120600,2026-03-20
HD,"Home Depot",320.75,-7.46,-2.27%,327.75,330.23,320.2645,9672100,2026-03-20
HEI,"Heico Corp",275.16,-2.,-0.72%,276,279.18,270.71,811300,2026-03-20
HEI.A,"Heico Corp Cl A",209.42,-4.08,-1.91%,214.32,221.31,208.18,766400,2026-03-20
HHH,"Howard Hughes Holdings Inc",61.65,-0.41,-0.66%,62,62.07,61.0068,794200,2026-03-20
HIG,"The Hartford Insurance Group Inc",132.65,1.29,+0.98%,131.47,132.96,130.75,2414200,2026-03-20
HII,"Huntington Ingalls Industries",407.98,-10.44,-2.50%,414.66,417.55,405.55,1810300,2026-03-20
HIW,"Highwoods Properties",20.6,-0.99,-4.59%,21.76,21.76,20.495,3083900,2026-03-20
HLI,"Houlihan Lokey",139.51,0.56,+0.40%,139.03,140.62,137.46,1289100,2026-03-20
HLNE,"Hamilton Lane Inc Cl A",99.59,-1.41,-1.40%,100.16,100.91,98.44,808200,2026-03-20
HLT,"Hilton Inc",292.58,-5.25,-1.76%,296.95,299.06,290.67,3093900,2026-03-20
HOG,"Harley-Davidson Inc",17.58,-0.02,-0.11%,17.67,18.07,17.54,6152800,2026-03-20
HOLX,"Hologic Inc",75.41,0.08,+0.11%,75.38,75.55,75.37,4231700,2026-03-20
HON,"Honeywell International Inc",221.5,-7.53,-3.29%,227.93,229.5,219.83,8098400,2026-03-20
HOOD,"Robinhood Markets Inc Cl A",70.89,-3.27,-4.41%,73.1,73.41,69.9,34441102,2026-03-20
HPE,"Hewlett Packard Enterprise Comp",21.69,-0.43,-1.94%,22.43,22.57,21.465,24417800,2026-03-20
HPQ,"HP Inc",18.27,-0.21,-1.14%,18.43,18.535,18.085,49081900,2026-03-20
HR,"Healthcare Realty Trust Inc.",17.22,-0.73,-4.07%,18.02,18.02,17.16,5752800,2026-03-20
HRB,"H&R Block",31.79,0.91,+2.95%,30.66,32.06,30.2101,5905700,2026-03-20
HRL,"Hormel Foods Corp",22.14,-0.23,-1.03%,22.41,22.495,22.135,8899500,2026-03-20
HSIC,"Henry Schein Inc",72.29,-0.39,-0.54%,72.24,73.36,71.73,1313900,2026-03-20
HST,"Host Marriott Financial Trust",18.6,-0.5,-2.62%,19.02,19.08,18.52,9363600,2026-03-20
HSY,"Hershey Foods Corp",210.14,-0.44,-0.21%,211.69,212.37,208.98,5666500,2026-03-20
HUBB,"Hubbell Inc B",475.74,-16.91,-3.43%,483.11,490.15,473.6,1019200,2026-03-20
HUBS,"Hubspot Inc",258.81,-3.51,-1.34%,257.64,262.97,249.14,1159800,2026-03-20
HUM,"Humana Inc",169.9,3.45,+2.07%,165,170.59,163.11,3986400,2026-03-20
HUN,"Huntsman Corp",10.41,-1.1,-9.56%,11.51,11.555,10.32,17907400,2026-03-20
HWM,"Howmet Aerospace Inc",231.21,-1.73,-0.74%,231.38,233,227.68,4337200,2026-03-20
HXL,"Hexcel Corp",78.81,0.15000000000001,+0.19%,78.5,79.18,77.54,2716900,2026-03-20
IAC,"Iac Inc",37.59,-0.84,-2.19%,38.27,38.57,37.1,1769100,2026-03-20
IBKR,"Interactive Brokers",65.47,-2.22,-3.28%,67.68,67.92,65,8997200,2026-03-20
IBM,"Intl Business Machines",241.77,-8.6,-3.43%,249,250.28,241.77,11314000,2026-03-20
ICE,"Intercontinental Exchange",158.43,-0.07,-0.04%,159.11,159.39,157.7,4516000,2026-03-20
IDA,"Idacorp Inc",135.48,-4.23,-3.03%,139.8,140.075,135.46,1388500,2026-03-20
IDXX,"Idexx Laboratories",577.26,-2.59,-0.45%,576.78,581.36,569.89,765300,2026-03-20
IEX,"Idex Corp",184.11,-3.27,-1.75%,187.71,188.84,183.125,3105700,2026-03-20
IFF,"International Flavors & Fragrances",66.62,-1.11,-1.64%,68.42,68.56,66.19,2942100,2026-03-20
ILMN,"Illumina Inc",124.33,-2.26,-1.79%,127.52,128.19,123,2663900,2026-03-20
INCY,"Incyte Corp",90.78,-2.17,-2.33%,92.81,93.34,90.34,4388700,2026-03-20
INGM,"Ingram Micro Holding Corp",22.13,-0.05,-0.23%,22.13,22.28,21.68,2001300,2026-03-20
INGR,"Ingredion Inc",109.16,-1.08,-0.98%,109.94,110.64,108.7,2361600,2026-03-20
INSM,"Insmed Inc",136,-8.,-5.56%,142.63,143.6,135.73,4561500,2026-03-20
INSP,"Inspire Medical Systems Inc",53.72,-0.96,-1.76%,54.69,57.49,53.45,1282300,2026-03-20
INTC,"Intel Corp",43.87,-2.31,-5.00%,46.95,47.55,43.64,162814203,2026-03-20
INTU,"Intuit Inc",455.56,0.32,+0.07%,444.49,462.86,440.67,4718500,2026-03-20
INVH,"Invitation Homes Inc",24.39,-0.61,-2.44%,24.95,25,24.25,12483500,2026-03-20
IONS,"Ionis Pharmaceuticals",70.99,-0.33,-0.46%,71.51,72.59,70.5,2920600,2026-03-20
IOT,"Samsara Inc Cl A",33.13,-0.53,-1.57%,33.21,34.03,32.48,8293800,2026-03-20
IP,"International Paper Company",33.76,-0.24,-0.71%,34.07,34.35,33.57,12468800,2026-03-20
IPGP,"Ipg Photonics Corp",115.36,-7.42,-6.04%,122.17,122.78,114.59,744200,2026-03-20
IQV,"Iqvia Holdings Inc",166.07,-0.4,-0.24%,166.37,167.5599,163.8,3462100,2026-03-20
IR,"Ingersoll Rand Inc",81.39,-0.77,-0.94%,81.9,82.82,80.66,4280200,2026-03-20
IRDM,"Iridium Comm Inc",25.4,-0.92,-3.50%,26.43,26.78,25.09,4260000,2026-03-20
IRM,"Iron Mountain Inc",99.61,-5.33,-5.08%,104.74,105.58,99.51,3053900,2026-03-20
ISRG,"Intuitive Surg Inc",477.97,-1.96,-0.41%,480.3,484.92,473.19,2227800,2026-03-20
IT,"Gartner Inc",161.41,2.15,+1.35%,156.47,161.6,154.82,3388400,2026-03-20
ITT,"ITT Inc",182.69,-5.35,-2.85%,186.06,188.3925,182.69,1915700,2026-03-20
ITW,"Illinois Tool Works Inc",257.68,-2.94,-1.13%,260.86,262.28,256.13,2353200,2026-03-20
IVZ,"Invesco Limited",23.21,-0.1,-0.43%,23.3,23.41,22.8,9121800,2026-03-20
J,"Jacobs Engineering Group Inc",128.44,0.41999999999999,+0.33%,129.29,129.359,126.73,2820100,2026-03-20
JAZZ,"Jazz Pharma Plc",180.62,-1.18,-0.65%,181.93,184,179.16,1076700,2026-03-20
JBHT,"J B Hunt Transport",199.93,-0.27,-0.13%,200.2,201.5,195.97,1702100,2026-03-20
JBL,"Jabil Circuit",253.63,-11.68,-4.40%,265.78,269.12,250.02,2156800,2026-03-20
JCI,"Johnson Controls Intl",129.7,-3.55,-2.66%,133.08,133.54,128.41,8636400,2026-03-20
JEF,"Jefferies Financial Group Inc",38.13,-0.08,-0.21%,37.99,38.73,37.66,3319700,2026-03-20
JHG,"Janus Henderson Group Plc",50.43,-0.94,-1.83%,51.05,51.05,50.22,12007700,2026-03-20
JHX,"James Hardie Industries Se ADR",18.96,-0.53,-2.72%,19.49,19.68,18.72,8888100,2026-03-20
JKHY,"Jack Henry & Assoc",165.38,0.95,+0.58%,163.62,166.3,163.29,2400900,2026-03-20
JLL,"Jones Lang Lasalle Inc",293.8,-6.3,-2.10%,298.63,300.485,291.66,642000,2026-03-20
JNJ,"Johnson & Johnson",235.37,-2.23,-0.94%,236.83,238.29,234.5,17156600,2026-03-20
JPM,"JP Morgan Chase & Company",286.56,-1.41,-0.49%,288.08,290.71,285.27,22436400,2026-03-20
KBR,"KBR Inc",37.29,0.2,+0.54%,37.25,37.55,36.94,2555800,2026-03-20
KD,"Kyndryl Hldgs Inc",12.21,-0.16,-1.29%,12.3,12.6,12.13,7154700,2026-03-20
KDP,"Keurig Dr Pepper Inc",26.59,-0.56,-2.06%,27.18,27.28,26.56,18317000,2026-03-20
KEX,"Kirby Corp",130.52,0.38000000000002,+0.29%,131.05,131.84,129.225,1116800,2026-03-20
KEY,Keycorp,19.41,0.13,+0.67%,19.29,19.44,19.155,26177200,2026-03-20
KEYS,"Keysight Technologies Inc",277.53,-12.68,-4.37%,288.04,290.74,275.27,3873000,2026-03-20
KHC,"Kraft Heinz Company",21.57,-0.19,-0.87%,21.73,21.85,21.51,20339000,2026-03-20
KIM,"Kimco Realty Corp",22.34,-0.75,-3.25%,23.07,23.11,22.19,12226700,2026-03-20
KKR,"KKR & Company LP",90,-0.6,-0.66%,90.4,90.77,88.73,9441900,2026-03-20
KLAC,"K L A-Tencor Corp",1498.67,-12.85,-0.85%,1511.52,1535,1457.05,2188300,2026-03-20
KMB,"Kimberly-Clark Corp",98.2,-0.38,-0.39%,98.93,99.6,97.79,13109700,2026-03-20
KMI,"Kinder Morgan Inc",32.84,-0.6,-1.79%,33.49,33.725,32.825,26371900,2026-03-20
KMPR,"Kemper Corp",29.69,0.26,+0.88%,29.43,29.84,28.9,10970400,2026-03-20
KMX,"Carmax Inc",41.86,-0.52,-1.23%,42.44,42.7,41.4,5771400,2026-03-20
KNSL,"Kinsale Capital Group Inc",328.21,1.49,+0.46%,324.67,331.37,323.37,383000,2026-03-20
KNX,"Knight-Swift Transporation Inc",53.28,-0.09,-0.17%,53.4,53.83,52.38,3163000,2026-03-20
KO,"Coca-Cola Company",74.75,-0.8,-1.06%,75.57,76.05,74.39,33298700,2026-03-20
KR,"Kroger Company",73.2,-0.56,-0.76%,73.91,74.3,72.9802,17799000,2026-03-20
KRC,"Kilroy Realty Corp",28.21,-0.94,-3.22%,29.16,29.16,28.09,2454900,2026-03-20
KRMN,"Karman Holdings Inc",99.38,-6.57,-6.20%,105.47,107.3,99.18,3002000,2026-03-20
KVUE,"Kenvue Inc",17.4,-0.03,-0.17%,17.49,17.65,17.36,29750400,2026-03-20
L,"Loews Corp",105.6,-0.05,-0.05%,105.71,106.32,105.06,1415400,2026-03-20
LAD,"Lithia Motors",243,-5.31,-2.14%,246.76,248.73,242.47,578300,2026-03-20
LAMR,"Lamar Advertis A",124.57,-2.84,-2.23%,127.16,128.08,123.76,1091600,2026-03-20
LAZ,"Lazard Inc",39.25,-0.59,-1.48%,39.47,40.06,38.85,2161800,2026-03-20
LBRDA,"Liberty Broadband Corp Sr A",49.47,0.41,+0.84%,49.03,50.2,48.47,196600,2026-03-20
LBRDK,"Liberty Broadband Corp Sr C",49.48,0.3,+0.61%,49.18,50.31,48.62,1134000,2026-03-20
LBTYA,"Liberty Global Ltd Ord A",11.69,-0.21,-1.76%,11.85,11.9,11.6,2806900,2026-03-20
LBTYK,"Liberty Global Ltd Ord C",11.37,-0.25,-2.15%,11.65,11.65,11.34,2381800,2026-03-20
LCID,"Lucid Group Inc",10.06,-0.24,-2.33%,10.3,10.44,9.98,5824800,2026-03-20
LDOS,"Leidos Holdings Inc",165.87,-0.08,-0.05%,164.7,166.82,164.7,4464700,2026-03-20
LEA,"Lear Corp",113.48,-2.1,-1.82%,115.14,115.55,113.09,2028200,2026-03-20
LECO,"Lincoln Elec Holdings",249.72,-7.05,-2.75%,256.08,258.94,248.26,768500,2026-03-20
LEN,"Lennar Corp",90.55,-3.17,-3.38%,93.3,93.78,89.634,6641400,2026-03-20
LEN.B,"Lennar Corp Cl B",86.28,-2.04,-2.31%,88.74,88.74,85.34,129200,2026-03-20
LFUS,"Littelfuse Inc",320.65,-12.13,-3.65%,332.4,333.1,318.3,259000,2026-03-20
LH,"Laboratory Corp of America Holdings",263,-1.09,-0.41%,263.7,265.34,261.2,818800,2026-03-20
LHX,"L3Harris Technologies Inc",352.85,-10.85,-2.98%,363.17,366.3,350.94,2473800,2026-03-20
LII,"Lennox International",467.88,-9.33,-1.96%,477.42,477.42,464.65,493000,2026-03-20
LIN,"Linde Plc",488.15,-1.65,-0.34%,492.9,495.81,484.34,6334000,2026-03-20
LINE,"Lineage Inc",35.13,-1.62,-4.41%,37.03,37.03,34.35,1510500,2026-03-20
LITE,"Lumentum Holdings",706.35,-65.78,-8.52%,785.49,787.45,680.66,22868699,2026-03-20
LKQ,"LKQ Corp",28.26,-0.3,-1.05%,28.51,28.67,27.91,12973800,2026-03-20
LLY,"Eli Lilly and Company",906.7,-10.8,-1.18%,910.55,925.375,899.29,4818700,2026-03-20
LLYVA,"Liberty Live Holdings Inc Series A",87.58,-2.77,-3.07%,90.46,90.46,86.17,288100,2026-03-20
LLYVK,"Liberty Live Holdings Inc Series C",90.09,-2.81,-3.02%,93.64,93.64,88.59,649700,2026-03-20
LMT,"Lockheed Martin Corp",627.43,-10.08,-1.58%,635.86,638.5099,622.37,6511200,2026-03-20
LNC,"Lincoln National Corp",33.81,0.21,+0.63%,33.8,34.03,33.31,6956900,2026-03-20
LNG,"Cheniere Energy",280.89,-0.98,-0.35%,283.12,289.79,280.4,7311200,2026-03-20
LNT,"Alliant Energy Corp",68.71,-2.61,-3.66%,71.04,71.56,68.11,4456900,2026-03-20
LOAR,"Loar Holdings Inc",59.23,-4.05,-6.40%,62.94,63.705,58.64,1644100,2026-03-20
LOPE,"Grand Canyon Educati",162.45,-1.96,-1.19%,164.03,164.49,161.48,459700,2026-03-20
LOW,"Lowe's Companies",224.63,-5.08,-2.21%,229.235,229.8589,224.15,3643900,2026-03-20
LPLA,"Lpl Financial Holdings",293.08,7.74,+2.71%,287,297.68,286.22,2115100,2026-03-20
LPX,"Louisiana-Pacific Corp",69.92,-2.33,-3.22%,72.31,72.385,69.63,1371800,2026-03-20
LRCX,"Lam Research Corp",228.36,-5.63,-2.41%,234.32,236.84,222.04,26176299,2026-03-20
LSCC,"Lattice Semicond",88.62,-6.3,-6.64%,95.06,95.97,88.52,3267300,2026-03-20
LSTR,"Landstar System",148.73,-0.85,-0.57%,149.81,150.72,145.54,758600,2026-03-20
LULU,"Lululemon Athletica",162.82,-2.75,-1.66%,165.16,166.69,161.21,4942100,2026-03-20
LUV,"Southwest Airlines Company",39.41,-1.46,-3.57%,40.71,40.97,38.88,14030000,2026-03-20
LVS,"Las Vegas Sands",52.93,-1.12,-2.07%,53.79,54,52.46,7068100,2026-03-20
LW,"Lamb Weston Holdings Inc",40,-0.64,-1.57%,40.76,40.835,39.6,37334000,2026-03-20
LYB,"Lyondellbasell Industries NV",73.32,-1.25,-1.68%,74.82,75.745,72.82,23437400,2026-03-20
LYFT,"Lyft Inc Cl A",13.47,0.09,+0.67%,13.27,13.68,13.05,84222195,2026-03-20
LYV,"Live Nation Entertainment",148.85,-5.34,-3.46%,152.56,154.49,148.17,5279300,2026-03-20
M,"Macy's Inc",17.87,-0.18,-1.00%,17.99,18.28,17.62,18005000,2026-03-20
MA,"Mastercard Inc",496.32,5.18,+1.05%,492.47,499.215,491.005,5762900,2026-03-20
MAA,"Mid-America Apartment Communities",121.79,-2.72,-2.18%,124.36,124.56,121.22,2047700,2026-03-20
MAN,"Manpower Inc",26.62,0.33,+1.26%,26.36,27.17,26,1513200,2026-03-20
MANH,"Manhattan Assoc",137.32,-2.49,-1.78%,138.11,139.61,136.08,946500,2026-03-20
MAR,"Marriot Int Cl A",319.76,-5.13,-1.58%,323.08,325.33,317.31,3151100,2026-03-20
MAS,"Masco Corp",58.84,-0.88,-1.47%,59.75,60.04,58.1647,7569500,2026-03-20
MASI,"Masimo Corp",178.24,-0.46,-0.26%,178.5,178.83,178,2366500,2026-03-20
MAT,"Mattel Inc",14.83,-0.17,-1.13%,14.91,15.22,14.75,6272500,2026-03-20
MCD,"McDonald's Corp",308.85,-0.73,-0.24%,309.8,311.37,307.62,6436500,2026-03-20
MCHP,"Microchip Technology",62.97,-0.32,-0.51%,62.99,64.34,62.12,12516199,2026-03-20
MCK,"Mckesson Corp",885.84,-13.11,-1.46%,893.48,903.955,875.97,1937100,2026-03-20
MCO,"Moody's Corp",435.12,-0.68,-0.16%,435.58,439.33,432.29,1899900,2026-03-20
MDB,"Mongodb Inc Cl A",261.16,-9.,-3.33%,268.34,268.34,258.6,1686600,2026-03-20
MDLZ,"Mondelez Intl Inc",56.21,-0.28,-0.50%,56.48,57.01,56.01,22557299,2026-03-20
MDT,"Medtronic Inc",86.16,-0.71,-0.82%,86.83,87.275,85.78,11113800,2026-03-20
MDU,"Mdu Res Group Inc",19.65,-0.75,-3.68%,20.49,20.49,19.615,4764700,2026-03-20
MEDP,"Medpace Holdings Inc",452.51,-8.41,-1.82%,458.72,465,448.61,581200,2026-03-20
MET,"Metlife Inc",68.56,-0.05,-0.07%,68.49,69,67.8,6671900,2026-03-20
META,"Meta Platforms Inc",593.66,-13.04,-2.15%,603.53,603.96,587.25,21214900,2026-03-20
MGM,"MGM Resorts International",35.37,-1.77,-4.77%,36.87,37.09,35.2,9065800,2026-03-20
MHK,"Mohawk Industries",96.21,-2.02,-2.06%,98.75,98.99,95.16,1882800,2026-03-20
MIDD,"Middleby Corp",135.81,-4.27,-3.05%,139.99,140.09,134.5,620600,2026-03-20
MKC,"Mccormick & Company",53.23,-0.82,-1.52%,54.1,54.3,52.63,10768000,2026-03-20
MKL,"Markel Corp",1875.35,-6.17,-0.33%,1887,1892.71,1866,65400,2026-03-20
MKSI,"Mks Inc",227.13,-9.72,-4.10%,235.7,237.95,222.1,1882800,2026-03-20
MKTX,"Marketaxess Holdings",174.01,-0.65,-0.37%,175.46,175.96,172.33,912600,2026-03-20
MLI,"Mueller Industries",107.76,-2.18,-1.98%,109.18,110,107.27,2691400,2026-03-20
MLM,"Martin Marietta Materials",560.69,-6.78,-1.19%,569.05,569.87,559.79,987700,2026-03-20
MMM,"3M Company",141.2,-1.51,-1.06%,141.61,143.3,139.34,6900700,2026-03-20
MNST,"Monster Beverage Corp",73.69,-0.05,-0.07%,73.47,74.49,73.25,10528700,2026-03-20
MO,"Altria Group",64.47,-0.6,-0.92%,65.3,65.55,64.08,38329500,2026-03-20
MOH,"Molina Healthcare Inc",139.41,-2.8,-1.97%,139.83,142.1,138.4012,14407900,2026-03-20
MORN,"Morningstar Inc",179.07,-5.8,-3.14%,184.86,184.86,178.48,721900,2026-03-20
MOS,"Mosaic Company",23.59,-2.61,-9.96%,25.83,26.03,23.59,21772000,2026-03-20
MP,"MP Materials Corp",50.6,-2.5,-4.71%,53.05,53.5899,50.2601,8330800,2026-03-20
MPC,"Marathon Petroleum Corp",232.53,-3.25,-1.38%,236.1,238.13,232.31,6344000,2026-03-20
MPT,"Medical Properties Trust Inc",4.56,-0.15,-3.18%,4.7,4.73,4.53,11451900,2026-03-20
MPWR,"Monolithic Power Sys",1068.85,-23.84,-2.18%,1094.44,1103.27,1050.9,1035200,2026-03-20
MRK,"Merck & Company",114.18,-0.02,-0.02%,114.25,115.18,112.72,36355400,2026-03-20
MRNA,"Moderna Inc",51.38,-0.99,-1.89%,51.69,52.98,50.62,15477600,2026-03-20
MRP,"Millrose Properties Inc",28.25,-0.81,-2.79%,29.07,29.32,27.69,4818700,2026-03-20
MRSH,"Marsh & Mclennan Companies Inc",176.48,5.57,+3.26%,172.81,176.9,171.38,9676300,2026-03-20
MRVL,"Marvell Technology Inc",87.91,-1.62,-1.81%,88.9,90.48,86.66,25570400,2026-03-20
MS,"Morgan Stanley",161.47,2.92,+1.84%,158.36,163.14,157.25,14621200,2026-03-20
MSA,"Msa Safety Inc",170.14,-2.64,-1.53%,172.07,173.105,168.98,329900,2026-03-20
MSCI,"MSCI Inc",552.63,-3.64,-0.65%,554.17,556.51,549.03,1121000,2026-03-20
MSFT,"Microsoft Corp",381.87,-7.15,-1.84%,386.79,387,380.12,50853098,2026-03-20
MSGS,"Madison Square Garden Sports Corp",307.31,-5.71,-1.82%,316.6,317.4101,304.84,522900,2026-03-20
MSI,"Motorola Solutions",452.35,-5.6,-1.22%,459.09,460.975,450.8,2054700,2026-03-20
MSM,"Msc Industrial Direct Company",85.72,-1.16,-1.34%,86.24,87.17,85.15,1846900,2026-03-20
MSTR,"Strategy Inc",135.66,-2.58,-1.87%,139.47,139.68,134.13,28568199,2026-03-20
MTB,"M&T Bank Corp",198.15,1.91,+0.97%,197.25,198.81,195.785,2787100,2026-03-20
MTCH,"Match Group Inc",31.06,-0.41,-1.30%,31.44,31.67,31.05,76577109,2026-03-20
MTD,"Mettler-Toledo International",1204.48,13.99,+1.18%,1207.41,1218.3101,1195.422,233200,2026-03-20
MTDR,"Matador Resources Company",58.5,1.43,+2.51%,57.47,59.495,57.4301,3279300,2026-03-20
MTG,"Mgic Investment Corp",25.66,-0.33,-1.27%,25.98,26.095,25.55,3312300,2026-03-20
MTN,"Vail Resorts",131.22,-4.51,-3.32%,135.87,136.42,131.22,1877900,2026-03-20
MTSI,"Macom Technology S",218.96,-5.58,-2.49%,222.37,227.74,213.39,2265000,2026-03-20
MTZ,"Mastec Inc",300.58,-12.14,-3.88%,312.63,316.185,297.5,2059500,2026-03-20
MU,"Micron Technology",422.9,-21.37,-4.81%,443.92,449.1,415.36,64224902,2026-03-20
MUSA,"Murphy USA Inc",473.17,-7.1,-1.48%,476.93,481.05,468.85,365000,2026-03-20
NBIX,"Neurocrine Bioscienc",127.68,-2.02,-1.56%,128.83,130.16,126.68,2182000,2026-03-20
NCLH,"Norwegian Cruise Ord",18.95,-0.69,-3.51%,19.45,19.5299,18.82,23681400,2026-03-20
NCNO,"Ncino Inc",15.2,-0.3,-1.94%,15.34,15.6,14.85,2685900,2026-03-20
NDAQ,"Nasdaq Inc",86.34,0.07,+0.08%,85.95,86.64,85.42,6282900,2026-03-20
NDSN,"Nordson Corp",262.73,-4.48,-1.68%,267.21,267.21,260.91,679200,2026-03-20
NEE,"Nextera Energy",89.5,-2.91,-3.15%,92.74,94.21,89.17,21860700,2026-03-20
NEM,"Newmont Mining Corp",95.8,-3.4,-3.43%,99.69,99.87,94.34,30701700,2026-03-20
NET,"Cloudflare Inc Cl A",215.42,-5.94,-2.68%,221.71,225.14,214.64,3927800,2026-03-20
NEU,"Newmarket Corp",614.54,7.17,+1.18%,607.78,618.78,602,253000,2026-03-20
NFG,"National Fuel Gas Company",91.7,-1.77,-1.89%,92.95,94.13,91.575,2547500,2026-03-20
NFLX,"Netflix Inc",91.82,0.08,+0.09%,91.31,91.88,90.69,61678000,2026-03-20
NI,"NiSource Inc",45.02,-1.67,-3.58%,46.67,46.83,44.67,5940700,2026-03-20
NIQ,"Niq Global Intelligence Plc",10.66,-0.31,-2.83%,11.02,11.05,10.47,3151500,2026-03-20
NKE,"Nike Inc",52.37,-1.07,-2.00%,52.94,53.61,52.175,19566100,2026-03-20
NLY,"Annaly Capital Management Inc",20.79,-1.14,-5.20%,21.9,21.97,20.62,33019000,2026-03-20
NNN,"NNN REIT Inc",42.46,-1.77,-4.00%,44.22,44.22,42.22,2519500,2026-03-20
NOC,"Northrop Grumman Corp",706.95,-7.2,-1.01%,714.72,717.34,701,1718200,2026-03-20
NOV,"Nov Inc",18.68,0.09,+0.48%,18.66,18.95,18.45,8141600,2026-03-20
NOW,"Servicenow Inc",110.38,-2.89,-2.55%,111.3,112.15,109.12,18863000,2026-03-20
NRG,"NRG Energy",145.8,-15.6,-9.67%,161.51,162.5,144.6,4161600,2026-03-20
NSA,"National Storage Affiliates Tru",37.12,-1.72,-4.43%,38.54,39,36.86,2511300,2026-03-20
NSC,"Norfolk Southern Corp",281.09,2.9,+1.04%,279.34,282.49,277.9,1643300,2026-03-20
NTAP,"Netapp Inc",101.11,-1.98,-1.92%,102.75,103.19,100.15,7694300,2026-03-20
NTNX,"Nutanix Inc",39.48,-1.55,-3.78%,40.68,41,39.34,6003100,2026-03-20
NTRA,"Natera Inc",195.28,-7.45,-3.67%,200.63,201.29,194.02,2362700,2026-03-20
NTRS,"Northern Trust Corp",135.74,-0.04,-0.03%,135.44,136.26,134.34,2121400,2026-03-20
NU,"Nu Holdings Ltd Cl A",13.94,-0.22,-1.55%,14.12,14.1499,13.79,59568200,2026-03-20
NUE,"Nucor Corp",158.58,-3.37,-2.08%,164.24,164.24,157.84,2711000,2026-03-20
NVDA,"Nvidia Corp",172.7,-5.86,-3.28%,178,178.26,171.72,241323500,2026-03-20
NVR,"NVR Inc",6369.3799,-48.52,-0.76%,6427.8999,6427.8999,6301.0249,46000,2026-03-20
NVST,"Envista Holdings Corp",24.89,-0.37,-1.46%,25.24,25.455,24.615,2318100,2026-03-20
NVT,"Nvent Electric Plc",116.3,-6.28,-5.12%,121.22,123.3,115.84,4206900,2026-03-20
NWL,"Newell Rubbermaid Inc",3.36,-0.18,-5.08%,3.54,3.54,3.33,21879000,2026-03-20
NWS,"News Corp Cl B",27.39,0.15,+0.55%,27.38,27.58,26.99,3183300,2026-03-20
NWSA,"News Corp Cl A",24.05,0.12,+0.50%,23.84,24.23,23.78,5990000,2026-03-20
NXST,"Nexstar Media Group Inc",226.81,3.76,+1.69%,231.64,243.08,225.32,1682400,2026-03-20
NYT,"New York Times Company",80.97,-0.31,-0.38%,81.04,82.31,80.03,5097100,2026-03-20
O,"Realty Income Corp",60.95,-1.69,-2.70%,62.3,62.6,60.6,10257200,2026-03-20
OC,"Owens Corning Inc",99.96,-3.38,-3.27%,102.75,103.185,98.84,2703000,2026-03-20
ODFL,"Old Dominion Freight Line Inc",183.92,1.56,+0.86%,182.4,184.36,179.99,3750300,2026-03-20
OGE,"Oge Energy Corp",46.14,-1.23,-2.60%,47.84,47.84,45.93,5020100,2026-03-20
OGN,"Organon & Co.",6.03,-0.24,-3.83%,6.29,6.3,6.02,6336000,2026-03-20
OHI,"Omega Healthcare Investors",44.79,-2.02,-4.32%,46.9,46.9,44.571,3678500,2026-03-20
OKE,"Oneok Inc",89.21,0.81999999999999,+0.93%,89.47,92.135,89.1045,19367200,2026-03-20
OKTA,"Okta Inc Cl A",78.41,-2.35,-2.91%,80.36,80.36,78.19,6646200,2026-03-20
OLED,"Universal Display",94.72,-0.66,-0.69%,95.29,95.77,93.99,1869100,2026-03-20
OLLI,"Ollies Bargain CS",98.96,-2.78,-2.73%,101.29,101.29,98.64,1744800,2026-03-20
OLN,"Olin Corp",23.77,-1.83,-7.15%,25.93,26.235,23.51,3911300,2026-03-20
OMC,"Omnicom Group Inc",75.06,-0.78,-1.03%,75.73,76.325,74.07,10266600,2026-03-20
OMF,"Onemain Holdings Inc",51.48,0.48,+0.94%,51.14,51.88,50.58,3077100,2026-03-20
ON,"On Semiconductor",59.26,-0.03,-0.05%,59.26,60.34,58.28,12540800,2026-03-20
ONON,"On Holding Ag Cl A",37.66,-1.21,-3.11%,38.7,38.87,37.3,4641300,2026-03-20
ONTO,"Onto Innovation Inc",200.17,-9.29,-4.44%,206.98,210.6,197.69,1110300,2026-03-20
ORCL,"Oracle Corp",149.68,-5.84,-3.76%,153.05,153.25,147.95,37551300,2026-03-20
ORI,"Old Republic International Corp",37.91,0.039999999999999,+0.11%,37.91,38.2199,37.455,9944100,2026-03-20
ORLY,"O'Reilly Automotive",87.3,-0.61,-0.69%,87.64,88.7,86.77,10368400,2026-03-20
OSK,"Oshkosh Truck Corp",140.46,-3.76,-2.61%,142.63,144.705,139.4,1572300,2026-03-20
OTIS,"Otis Worldwide Corp",79.54,-0.69,-0.86%,80.23,81.125,78.81,8393900,2026-03-20
OVV,"Ovintiv Inc",56.97,-0.01,-0.02%,57.44,58,56.71,17590200,2026-03-20
OWL,"Blue Owl Capital Inc",9.12,0,0.00%,9.15,9.24,8.95,26773900,2026-03-20
OXY,"Occidental Petroleum Corp",60.71,1.13,+1.90%,59.68,61.37,59.63,25484400,2026-03-20
OZK,"Bank Ozk",43.84,-0.54,-1.22%,44.45,44.54,43.68,6435100,2026-03-20
PAG,"Penske Automotive Group",140.6,-3.71,-2.57%,143.18,143.96,140.12,1471800,2026-03-20
PANW,"Palo Alto Networks Inc",162.95,-6.79,-4.00%,169.19,169.19,161.89,16455400,2026-03-20
PATH,"Uipath Inc Cl A",12.06,-0.18,-1.47%,12.08,12.51,11.741,27384300,2026-03-20
PAYC,"Paycom Software Inc",124.82,0.66999999999999,+0.54%,123.94,127.07,121.59,14557300,2026-03-20
PAYX,"Paychex Inc",92.55,0.84,+0.92%,91.34,93.35,91.07,11215000,2026-03-20
PB,"Prosperity Bancshares",64.69,0.42999999999999,+0.67%,64.48,64.83,63.89,3162400,2026-03-20
PCAR,"Paccar Inc",111.26,-1.59,-1.41%,112.62,113.37,110.36,5411800,2026-03-20
PCG,"Pacific Gas & Electric Company",17.32,-0.87,-4.78%,18.24,18.3,17.29,46476600,2026-03-20
PCOR,"Procore Technologies Inc",58.13,-0.65,-1.11%,57.92,59.06,56.75,2729500,2026-03-20
PCTY,"Paylocity Holdings Corp",112.52,1.62,+1.46%,110.44,113.04,108.02,1043000,2026-03-20
PEG,"Public Service Enterprise Group Inc",79.44,-3.34,-4.03%,82.71,83.03,79.12,7033100,2026-03-20
PEGA,"Pegasystems Inc",43.42,0.26,+0.60%,42.53,44.08,41.56,2955500,2026-03-20
PEN,"Penumbra Inc",335.85,-1.5,-0.44%,336.11,337.94,335.79,932500,2026-03-20
PENN,"Penn Entertainment Inc",13.67,-0.49,-3.46%,14.28,14.54,13.59,5488200,2026-03-20
PEP,"Pepsico Inc",150.04,-2.7,-1.77%,152.45,153.41,149.34,14480700,2026-03-20
PFE,"Pfizer Inc",26.97,-0.44,-1.61%,27.41,27.55,26.8,66805600,2026-03-20
PFG,"Principal Financial Group Inc",85.07,-0.83,-0.97%,85.89,86.1,84.95,8210700,2026-03-20
PFGC,"Performance Food Group Company",81.03,-2.66,-3.18%,83.51,84.15,80.82,3625400,2026-03-20
PG,"Procter & Gamble Company",144.28,-0.56,-0.39%,144.99,145.82,144.25,60620800,2026-03-20
PGR,"Progressive Corp",206,3.32,+1.64%,202.39,207.0056,202.26,7866300,2026-03-20
PH,"Parker-Hannifin Corp",894.41,-5.6,-0.62%,897.76,906.44,882.35,904800,2026-03-20
PHM,Pultegroup,114.55,-3.3,-2.80%,117.45,117.535,113.585,4073500,2026-03-20
PINS,"Pinterest Inc",18.68,0.02,+0.11%,18.51,19,18.445,26803700,2026-03-20
PK,"Park Hotels & Resorts Inc",10.27,-0.25,-2.38%,10.44,10.47,10.1712,4211200,2026-03-20
PKG,"Packaging Corp of America",202.73,-1.66,-0.81%,205.26,205.655,201.25,5391900,2026-03-20
PLD,"Prologis Inc",128.01,-3.08,-2.35%,130.87,131.115,127.29,5564200,2026-03-20
PLNT,"Planet Fitness",74.34,-1.7,-2.24%,75.8,76.27,74.04,2046300,2026-03-20
PLTR,"Palantir Technologies Inc Cl A",150.68,-5.,-3.21%,155.2,156.65,149.09,48700098,2026-03-20
PM,"Philip Morris International Inc",163.11,-0.26,-0.16%,163.53,164.63,161.83,9565400,2026-03-20
PNC,"PNC Bank",201.71,-0.34,-0.17%,202.29,203.52,199.6,6082300,2026-03-20
PNFP,"Pinnacle Finl Ptnrs",83.18,0.24000000000001,+0.29%,83,83.69,82.34,4024200,2026-03-20
PNR,"Pentair Ltd",86.49,-2.,-2.26%,87.79,88.29,85.9,2182300,2026-03-20
PNW,"Pinnacle West Capital Corp",97.27,-2.8,-2.80%,100.08,100.1399,97.14,2453700,2026-03-20
PODD,"Insulet Corp",227.1,-1.53,-0.67%,227.68,230.25,224.32,1062700,2026-03-20
POOL,"Pool Corp",200.34,-4.02,-1.97%,203.65,204.12,197.68,1380900,2026-03-20
POST,"Post Holdings Inc",96.72,-0.69,-0.71%,97.55,98.525,96.47,2227700,2026-03-20
PPC,"Pilgrim's Pride",35.23,-0.44,-1.23%,35.67,35.67,34.96,1135600,2026-03-20
PPG,"PPG Industries",97.22,-1.16,-1.18%,98.56,99.265,96.07,3638100,2026-03-20
PPL,"PPL Corp",36.55,-1.1,-2.92%,37.68,37.81,36.53,10368700,2026-03-20
PR,"Permian Resources Corp",20.07,0.1,+0.50%,20.06,20.41,19.92,30453500,2026-03-20
PRGO,"Perrigo Company",9.25,-0.4,-4.15%,9.61,9.655,9.225,5827500,2026-03-20
PRI,"Primerica Inc",245.55,-1.47,-0.60%,247.38,248.15,243.8,529800,2026-03-20
PRMB,"Primo Water Corp",18.22,-1.1,-5.69%,19.23,19.3,18.18,8874200,2026-03-20
PRU,"Prudential Financial Inc",93.03,0.52,+0.56%,92.69,93.43,92.35,6433700,2026-03-20
PSA,"Public Storage",265.78,-11.55,-4.16%,277.03,278.8,264.55,2036400,2026-03-20
PSN,"Parsons Corp",50.04,-0.12,-0.24%,49.97,50.895,49.38,2144100,2026-03-20
PSTG,"Everpure Inc",62.63,-2.82,-4.31%,64.68,65.2,62.2072,4403100,2026-03-20
PSX,"Phillips 66",175.47,-2.87,-1.61%,178.31,178.87,174.92,6069200,2026-03-20
PTC,"Ptc Inc",149.81,-0.86,-0.57%,149.73,151.09,148,2205500,2026-03-20
PVH,"Phillips-Van Heusen Corp",63.27,-0.73,-1.14%,63.34,64.64,62.735,1530900,2026-03-20
PWR,"Quanta Services",555.39,-22.56,-3.90%,577.59,582.48,551.05,1689400,2026-03-20
PYPL,"Paypal Holdings",44.01,-0.18,-0.41%,44.33,44.55,43.33,31695500,2026-03-20
Q,"Qnity Electronics Inc",107.59,-4.35,-3.89%,111.07,111.945,106.22,5038700,2026-03-20
QCOM,"Qualcomm Inc",129.9,-1.38,-1.05%,131.31,132.75,129.77,78568000,2026-03-20
QGEN,"Qiagen N.V.",39.93,-0.72,-1.77%,40.29,40.43,39.78,2137100,2026-03-20
QRVO,"Qorvo Inc",78.16,0.42,+0.54%,78.31,79.38,77.3,3641400,2026-03-20
QS,"Quantumscape Corp",6.59,-0.3,-4.35%,6.81,6.88,6.5,9882600,2026-03-20
QSR,"Restaurant Brands International",73.75,-0.38,-0.51%,74.06,74.22,73.11,6428900,2026-03-20
QXO,"Qxo Inc",18.64,-1.64,-8.09%,20.1,20.2785,18.48,14418200,2026-03-20
R,"Ryder System",191.78,-0.69,-0.36%,192.48,193.81,189.89,737100,2026-03-20
RAL,"Ralliant Corporation",40.8,-1.75,-4.11%,42.42,42.57,40.46,2036500,2026-03-20
RARE,"Ultragenyx Pharmaceu",19.87,-0.55,-2.69%,20.52,20.68,19.86,3797500,2026-03-20
RBA,"Rb Global Inc",94.98,-0.86,-0.90%,95.94,96.91,94.47,2259700,2026-03-20
RBC,"RBC Bearings Inc",531.11,-9.72,-1.80%,538.13,544.6325,525.55,344600,2026-03-20
RBLX,"Roblox Corp Cl A",56.96,-0.56,-0.97%,57.08,57.3,55.16,8864800,2026-03-20
RBRK,"Rubrik Inc Cl A",49.28,-1.64,-3.22%,50.89,50.89,49.1,9462300,2026-03-20
RCL,"Royal Caribbean Cruises Ltd",263.65,-8.35,-3.07%,272,272,260.91,4189200,2026-03-20
RDDT,"Reddit Inc Cl A",139.85,1.73,+1.25%,139,143.85,135.68,6532900,2026-03-20
REG,"Regency Centers Corp",74.87,-1.82,-2.37%,76.69,76.73,74.45,5597300,2026-03-20
REGN,"Regeneron Pharmaceuticals",732.87,-4.58,-0.62%,738.17,744.85,728.64,1359900,2026-03-20
REXR,"Rexford Industrial Realty Inc",33.97,-0.56,-1.62%,34.37,34.59,33.64,4682500,2026-03-20
REYN,"Reynolds Consumer Products Inc",20.8,-0.07,-0.34%,21.3,21.46,20.75,1711700,2026-03-20
RF,"Regions Financial Corp",25.36,0.15,+0.60%,25.27,25.375,24.96,35145900,2026-03-20
RGA,"Reinsurance Group of America Inc",197.99,-2.51,-1.25%,200.34,201.945,196.425,601200,2026-03-20
RGEN,"Repligen Corp",113.88,-3.73,-3.17%,116.89,117.79,113.63,938600,2026-03-20
RGLD,"Royal Gold Inc",215.21,-9.86,-4.38%,225.2,226,213.76,5884600,2026-03-20
RH,"Rh Common Stock",127.65,-6.86,-5.10%,133.47,134.5,127.27,1465100,2026-03-20
RHI,"Robert Half Inc",23.29,0.34,+1.48%,22.92,23.73,22.73,8672900,2026-03-20
RITM,"Rithm Capital Corp",8.77,-0.26,-2.88%,9.02,9.05,8.43,121899500,2026-03-20
RIVN,"Rivian Automotive Inc Cl A",14.91,-1.21,-7.51%,15.96,16.05,14.81,51016898,2026-03-20
RJF,"Raymond James Financial",143.81,0.94,+0.66%,142.66,144.66,142.265,2622600,2026-03-20
RKLB,"Rocket Lab Corporation",67.23,-4.7,-6.53%,72,73.98,66.39,35247098,2026-03-20
RKT,"Rocket Companies Inc Cl A",13.65,-1.,-6.83%,14.38,14.46,13.44,36659600,2026-03-20
RL,"Ralph Lauren Corp",329.87,-10.34,-3.04%,338,341.55,327,913100,2026-03-20
RLI,"Rli Corp",57.96,-0.13,-0.22%,58.1,58.68,57.7401,1203000,2026-03-20
RMD,"Resmed Inc",225.99,-1.42,-0.62%,225.46,227.45,224.775,1162600,2026-03-20
RNG,"Ringcentral Inc",37.63,0.18,+0.48%,37.17,38,36.06,2561900,2026-03-20
RNR,"Renaissancere Holdings Ltd",290.73,-0.95,-0.33%,291.2,293.66,289.09,906800,2026-03-20
ROIV,"Roivant Sciences Ltd",27.7,-0.1,-0.36%,27.71,27.96,27.12,20864199,2026-03-20
ROK,"Rockwell Automation Inc",355.11,-0.62,-0.17%,354.64,357.57,349.8075,1290300,2026-03-20
ROKU,"Roku Inc",93.27,-2.59,-2.70%,95.74,96.01,91.68,2899600,2026-03-20
ROL,"Rollins Inc",53.26,-0.83,-1.53%,54.09,54.28,52.84,7548600,2026-03-20
ROP,"Roper Industries",353.68,0.42,+0.12%,352.1,355.77,349.23,2933500,2026-03-20
ROST,"Ross Stores Inc",211.19,0.53,+0.25%,209.54,211.36,208.08,4013500,2026-03-20
RPM,"RPM International Inc",93.23,-3.34,-3.46%,96.88,96.88,92.92,1768800,2026-03-20
RPRX,"Royalty Pharma Plc Cl A",45.36,-0.17,-0.37%,45.77,46.1,44.73,8391399,2026-03-20
RRC,"Range Resources Corp",44.47,-0.81,-1.79%,45.11,46.04,44.47,5636400,2026-03-20
RRX,"Regal Rexnord Corp",175.4,-10.01,-5.40%,184.93,185.695,172.94,1710700,2026-03-20
RS,"Reliance Inc",290.56,-4.24,-1.44%,293.29,296.59,289.53,646000,2026-03-20
RSG,"Republic Services",219.3,-3.72,-1.67%,223.38,223.9,218.85,2266400,2026-03-20
RTX,"Rtx Corp",198.16,-2.57,-1.28%,201.26,202.03,196.49,8463800,2026-03-20
RVMD,"Revolution Medicines Inc",95.78,-3.51,-3.54%,97.97,98.98,94.87,3380700,2026-03-20
RVTY,"Revvity Inc",85.94,0.17999999999999,+0.21%,85.19,86.69,85,1429800,2026-03-20
RYAN,"Ryan Specialty Hldgs Inc",34.68,-0.07,-0.20%,34.68,35.71,34.48,3658000,2026-03-20
RYN,"Rayonier Inc REIT",19.5,-0.4,-2.01%,19.84,19.88,19.49,5985000,2026-03-20
S,"Sentinelone Inc Cl A",14.17,-0.39,-2.68%,14.38,14.505,13.9706,18923000,2026-03-20
SAIA,"Saia Inc",318.63,-2.54,-0.79%,323.12,323.96,313.93,563100,2026-03-20
SAIC,"Science Applications International",96.74,-0.42,-0.43%,97.28,98.09,96.34,1954700,2026-03-20
SAIL,"Sailpoint Inc",12.25,-0.09,-0.73%,12.32,12.61,11.9,3745000,2026-03-20
SAM,"Boston Beer Company",223.21,-8.58,-3.70%,230.41,231.83,223.19,197900,2026-03-20
SARO,"Standardaero Inc",25.6,-0.61,-2.33%,25.98,26.17,25.305,10376900,2026-03-20
SBAC,"SBA Communications",174.15,-8.13,-4.46%,181.81,183.51,173.77,1510300,2026-03-20
SBUX,"Starbucks Corp",92.55,-3.28,-3.42%,94.97,96.35,92.22,13961899,2026-03-20
SCCO,"Southern Copper Corp",152.71,-7.1,-4.44%,159.07,160.43,151.37,3074800,2026-03-20
SCHW,"The Charles Schwab Corp",94.66,0.67,+0.71%,94.11,94.87,93.5,13145300,2026-03-20
SCI,"Service Corp International",75.43,-0.42,-0.55%,75.55,76.24,74.99,2112600,2026-03-20
SEB,"Seaboard Corp",4922.29,-134.1499,-2.65%,5101.2598,5101.2598,4848.04,16700,2026-03-20
SEE,"Sealed Air Corp",41.89,0.090000000000003,+0.22%,41.84,41.92,41.84,5361700,2026-03-20
SEIC,"Sei Investments Company",77.79,-0.08,-0.10%,77.8,78.2,77.04,1691700,2026-03-20
SF,"Stifel Financial Corp",70.77,0.45999999999999,+0.65%,70.18,71.15,69.795,2223000,2026-03-20
SFD,"Smithfield Foods Inc",23.12,0.01,+0.04%,23.18,23.43,23.01,2523000,2026-03-20
SFM,"Sprouts Farmers Market",81.8,-2.72,-3.22%,84.06,85,81.76,3878500,2026-03-20
SGI,"Somnigroup International Inc",71.87,-2.29,-3.09%,74.03,74.63,71.22,3475500,2026-03-20
SHC,"Sotera Health Company",13.5,-0.06,-0.44%,13.52,13.61,13.37,5593400,2026-03-20
SHW,"Sherwin-Williams Company",303.53,-6.85,-2.21%,308.79,312.04,301.58,2708600,2026-03-20
SIRI,"Siriusxm Holdings Inc",21.99,-0.41,-1.83%,22.32,22.42,21.94,6128100,2026-03-20
SITE,"Siteone Landscape Supply",127.45,-2.84,-2.18%,129.88,130.16,126.51,706800,2026-03-20
SJM,"J.M. Smucker Company",99.37,-1.04,-1.04%,100.86,100.89,98.8,2968600,2026-03-20
SLB,"Slb Limited",46.63,-1.19,-2.49%,48.01,48.48,46.38,65344800,2026-03-20
SLGN,"Silgan Holdings",38.06,-1.02,-2.61%,39.09,39.16,37.94,2074000,2026-03-20
SLM,"SLM Corp",19.73,0.14,+0.71%,19.51,20,19.48,5811900,2026-03-20
SMCI,"Super Micro Computer",20.53,-10.26,-33.32%,22.52,23.09,20.35,242958500,2026-03-20
SMG,"Scotts Miracle-Gro Company",62.27,-2.05,-3.19%,64.54,64.8593,62.065,980000,2026-03-20
SMMT,"Summit Therapeu ADR",15.51,-0.21,-1.34%,15.73,16.28,15.38,3872700,2026-03-20
SN,"Sharkninja Inc",98.05,-3.88,-3.81%,103.26,103.26,96.86,7849400,2026-03-20
SNA,"Snap-On Inc",356.9,-3.87,-1.07%,359.9,361.69,354.97,1629800,2026-03-20
SNDK,"Sandisk Corp",709.71,-62.38,-8.08%,772.7,777.6,698.35,23508600,2026-03-20
SNDR,"Schneider National Inc",23.75,0.14,+0.59%,23.64,23.75,23.31,1792700,2026-03-20
SNOW,"Snowflake Inc Cl A",168.02,-7.38,-4.21%,173.64,174.69,166.55,5212200,2026-03-20
SNPS,"Synopsys Inc",420.32,-7.93,-1.85%,425.9,429.91,419,4136900,2026-03-20
SNX,"Synnex Corp",152.77,-2.56,-1.65%,154.3,156.62,151.62,1667000,2026-03-20
SO,"Southern Company",93.39,-2.84,-2.95%,96.16,96.45,93.155,9915300,2026-03-20
SOFI,"Sofi Technologies Inc",16.9,-0.18,-1.05%,16.92,17.41,16.67,78470703,2026-03-20
SOLS,"Solstice Advanced Materials Inc",67.05,-6.03,-8.25%,73.86,74.69,66.55,29609500,2026-03-20
SOLV,"Solventum Corporation",65.78,-1.36,-2.03%,67.05,67.1,65.13,2480400,2026-03-20
SON,"Sonoco Products",50.67,-1.14,-2.20%,51.75,51.9425,50.27,1761000,2026-03-20
SPG,"Simon Property Group",184.52,-6.79,-3.55%,191.71,191.94,183.21,3861000,2026-03-20
SPGI,"S&P Global Inc",424.43,-1.71,-0.40%,426.36,428.2699,421.34,3444700,2026-03-20
SPOT,"Spotify Technology S.A.",474.54,-7.98,-1.65%,479.38,485.79,468.79,2694800,2026-03-20
SRE,Sempra,91.72,-3.53,-3.71%,95.44,95.8,91.16,5703700,2026-03-20
SRPT,"Sarepta Therapeutics",16.69,0.04,+0.24%,16.68,17.33,16.53,2864000,2026-03-20
SSB,"Southstate Bank Corporation",89.67,0.45,+0.50%,89.38,89.9,88.23,1656300,2026-03-20
SSD,"Simpson Manufacturing Company",167.02,-4.08,-2.38%,170.81,171.56,165.25,567900,2026-03-20
SSNC,"SS&C Technologies",71.38,-0.48,-0.67%,72.25,72.25,70.32,5484700,2026-03-20
ST,"Sensata Technologies Holding N.V.",33.18,-0.79,-2.33%,33.99,34.12,32.85,2074400,2026-03-20
STAG,"Stag Industrial Inc",36.64,-0.86,-2.29%,37.53,37.53,36.405,3448600,2026-03-20
STE,"Steris Corp",220.03,2.11,+0.97%,216.62,220.75,216.035,1580700,2026-03-20
STLD,"Steel Dynamics Inc",163.95,-3.61,-2.15%,167.81,168.49,163.19,2094100,2026-03-20
STT,"State Street Corp",121.97,1.02,+0.84%,120.78,122.0513,120.16,3640400,2026-03-20
STWD,"Starwood Property Trust",17.08,-0.6,-3.39%,17.7,17.75,17.045,7739500,2026-03-20
STZ,"Constellation Brands Inc",149.62,-2.29,-1.51%,151.82,152.49,149.18,2912700,2026-03-20
SUI,"Sun Communities",130.44,-0.68,-0.52%,131.57,131.77,129.47,1628500,2026-03-20
SW,"Smurfit Westrock Plc",36.21,-0.72,-1.95%,37.23,37.46,36,11251600,2026-03-20
SWK,"Stanley Black & Decker Inc",67.28,-1.77,-2.56%,68.89,69.525,66.54,2257200,2026-03-20
SWKS,"Skyworks Solutions",54.44,0.32,+0.59%,54.12,55.08,53.57,7471300,2026-03-20
SYF,"Synchrony Financial",66.19,0.67999999999999,+1.04%,65.3,66.3,64.98,8603000,2026-03-20
SYK,"Stryker Corp",335.67,-4.09,-1.20%,340.2,342.29,334.32,2876300,2026-03-20
SYY,"Sysco Corp",81.33,-0.34,-0.42%,82.04,82.71,81.02,4954500,2026-03-20
T,"AT&T Inc",28.31,0.57,+2.05%,27.835,28.63,27.835,128734100,2026-03-20
TAP,"Molson Coors Brewing Company",41.4,-0.88,-2.08%,42.16,42.455,41.39,5376100,2026-03-20
TDC,"Teradata Corp",26.83,-0.19,-0.70%,26.78,27.13,26.22,2880400,2026-03-20
TDG,"Transdigm Group Inc",1177.39,-14.5499,-1.22%,1192.4399,1203.74,1169.36,731900,2026-03-20
TDY,"Teledyne Technologies Inc",616.18,-18.93,-2.98%,633.38,636.96,611.76,647000,2026-03-20
TEAM,"Atlassian Corp",73.73,-0.87,-1.17%,72.91,75.16,70.54,6517900,2026-03-20
TECH,"Bio-Techne Corp",51.48,-0.11,-0.21%,51.61,52.18,50.68,3098500,2026-03-20
TEM,"Tempus AI Cl A",46.96,-1.78,-3.65%,48.4,49.33,46.13,4583100,2026-03-20
TER,"Teradyne Inc",290.83,-11.57,-3.83%,302.09,303,284.86,4996100,2026-03-20
TFC,"Truist Financial Corp",44.16,0.27999999999999,+0.64%,43.91,44.17,43.6,18050200,2026-03-20
TFSL,"Tfs Financial Corp",13.39,-0.04,-0.30%,13.4,13.51,13.27,1443500,2026-03-20
TFX,"Teleflex Inc",105.41,-1.64,-1.53%,107.72,107.72,105.15,1032000,2026-03-20
TGT,"Target Corp",113.26,-1.21,-1.06%,114,115.27,112.69,19717400,2026-03-20
THC,"Tenet Healthcare Corp",200.35,-4.76,-2.32%,203.5,204.9275,198.89,1961100,2026-03-20
THG,"The Hanover Insurance Group",168.84,-0.74,-0.44%,169.53,170.215,168.5845,850200,2026-03-20
THO,"Thor Industries",75.2,-1.15,-1.51%,76.08,76.92,74.68,1664800,2026-03-20
TIGO,"Millicom International Cellular S.A.",71.98,-1.6,-2.17%,73.39,73.8,71.38,2088100,2026-03-20
TJX,"TJX Companies",154.98,0.29999999999998,+0.19%,154.27,156.68,154.27,7321700,2026-03-20
TKO,"Tko Group Holdings Inc Cl A",188.38,-8.93,-4.53%,195.03,196.77,186.95,2068800,2026-03-20
TKR,"Timken Company",95.25,-2.19,-2.25%,97.24,97.9699,94.18,1015200,2026-03-20
TLN,"Talen Energy Corporation",302.97,-37.1,-10.91%,336.36,337.4,301.45,1834700,2026-03-20
TMO,"Thermo Fisher Scientific Inc",474.39,4.18,+0.89%,469.07,476.93,469.06,2285200,2026-03-20
TMUS,"T-Mobile US",208.47,1.88,+0.91%,206.39,209.76,206.04,13797899,2026-03-20
TNL,"Travel + Leisure Co.",68.57,-1.18,-1.69%,69.47,69.555,67.645,1224600,2026-03-20
TOL,"Toll Brothers Inc",132,-4.57,-3.35%,135.79,136.57,130.64,2847300,2026-03-20
TOST,"Toast Inc Cl A",27.46,0.060000000000002,+0.22%,27.15,27.85,26.78,10949700,2026-03-20
TPG,"Tpg Inc Cl A",40.07,-1.04,-2.53%,41.01,41.2,39.8,4167900,2026-03-20
TPL,"Texas Pacific Land Trust",519.41,-13.11,-2.46%,533.46,543.03,519.2,1470200,2026-03-20
TPR,"Tapestry Inc",140.88,-1.92,-1.34%,142.2,143.16,138.37,4943600,2026-03-20
TREX,"Trex Company",35.99,-0.79,-2.15%,36.74,36.915,35.7,2777800,2026-03-20
TRGP,"Targa Resources",237.41,-2.12,-0.89%,239.69,243.6399,237.22,2735400,2026-03-20
TRMB,"Trimble Navigation",65.71,-0.97,-1.45%,66.51,66.51,65.07,3673700,2026-03-20
TROW,"T Rowe Price Group",86.19,-0.9,-1.03%,86.95,87.46,85.22,9438600,2026-03-20
TRU,Transunion,70.55,-1.16,-1.62%,71.25,71.65,69.92,3509700,2026-03-20
TRV,"The Travelers Companies Inc",296.6,-0.24,-0.08%,296.49,299.77,295.03,4429900,2026-03-20
TSCO,"Tractor Supply Company",45.77,-0.41,-0.89%,46.1,46.37,45.45,5886300,2026-03-20
TSLA,"Tesla Inc",367.96,-12.34,-3.24%,379.85,379.89,364.46,78628602,2026-03-20
TSN,"Tyson Foods",58.18,-0.94,-1.59%,59.08,59.48,57.96,5879800,2026-03-20
TT,"Trane Technologies Plc",410.36,-12.67,-3.00%,421.98,424.04,406.79,2335100,2026-03-20
TTC,"Toro Company",92.92,-0.88,-0.94%,93.58,93.93,91.8,1600500,2026-03-20
TTD,"Trade Desk Inc",24.11,0.6,+2.55%,23.49,24.49,23.2,24215500,2026-03-20
TTEK,"Tetra Tech Inc",30.4,-0.51,-1.65%,31.18,31.42,29.99,5068900,2026-03-20
TTWO,"Take-Two Interactive",200.63,-1.12,-0.56%,200.71,202.39,198.02,3698600,2026-03-20
TW,"Tradeweb Markets Inc",125.15,-0.86,-0.68%,125.75,126.21,123.91,1564000,2026-03-20
TWLO,Twilio,124.11,-3.24,-2.54%,125.35,126.85,123.12,3580200,2026-03-20
TXN,"Texas Instruments",187.19,-1.1,-0.58%,188.52,190.33,185.84,15025200,2026-03-20
TXRH,"Texas Roadhouse Inc",170.89,-0.74,-0.43%,171.77,172.76,169.67,1865300,2026-03-20
TXT,"Textron Inc",88.77,0.079999999999998,+0.09%,88.4,89.69,87.93,4588600,2026-03-20
TYL,"Tyler Technologies",350.2,0.13,+0.04%,345.01,355.05,342,1013900,2026-03-20
U,"Unity Software Inc",18.39,-0.76,-3.97%,18.99,19.06,18.19,14667900,2026-03-20
UA,"Under Armour Inc Cl C",5.71,-0.23,-3.87%,5.99,5.99,5.67,3468300,2026-03-20
UAA,"Under Armour",5.85,-0.26,-4.26%,6.09,6.125,5.83,9735700,2026-03-20
UAL,"United Airlines Holdings Inc",89.95,-4.2,-4.46%,93.39,94.07,88.41,9271700,2026-03-20
UBER,"Uber Technologies Inc",73.89,-1.45,-1.92%,74.98,74.98,73.04,26161200,2026-03-20
UDR,"United Dominion Realty Trust",34.11,-1.13,-3.21%,35.2,35.25,33.935,7878200,2026-03-20
UGI,"Ugi Corp",35.35,-1.54,-4.17%,36.8,36.94,35.25,3696100,2026-03-20
UHAL,"U-Haul Holding Company",42.19,-0.64,-1.49%,42.72,42.94,41.945,412300,2026-03-20
UHA.B,"U-Haul Holding Series N Non-Voting",39.91,-0.72,-1.77%,40.78,41.02,39.62,733900,2026-03-20
UHS,"Universal Health Services",185.82,-1.4,-0.75%,185.11,187.39,184.155,1124600,2026-03-20
UI,"Ubiquiti Networks",765.27,-28.96,-3.65%,790.75,790.75,755.4437,91800,2026-03-20
ULTA,"Ulta Beauty Inc",529.97,-4.13,-0.77%,533.57,540,524.85,948900,2026-03-20
UNH,"Unitedhealth Group Inc",275.59,-4.85,-1.73%,278.99,283.1,275,38893000,2026-03-20
UNM,"Unumprovident Corp",72.52,-0.43,-0.59%,73.5,73.78,72.08,11804900,2026-03-20
UNP,"Union Pacific Corp",234.92,0.73999999999998,+0.32%,234.4,236.125,233.04,5047900,2026-03-20
UPS,"United Parcel Service",95.86,-0.7,-0.72%,97.09,97.64,95.17,34639700,2026-03-20
URI,"United Rentals",710.47,-9.48,-1.32%,709.87,718.85,702.02,706300,2026-03-20
USB,"U.S. Bancorp",51.25,-0.05,-0.10%,51.41,51.67,50.67,21632600,2026-03-20
USFD,"US Foods Holding",89.4,0.070000000000007,+0.08%,89.12,90.23,88.53,7332000,2026-03-20
UTHR,"United Therapeutic",524.28,-2.72,-0.52%,522.58,529.94,520,796600,2026-03-20
UWMC,"Uwm Hldg Corp",3.56,-0.13,-3.52%,3.62,3.705,3.55,26296000,2026-03-20
V,"Visa Inc",301.62,1.91,+0.64%,299.85,302.92,299.0101,14398100,2026-03-20
VEEV,"Veeva Systems Inc",184.07,-1.52,-0.82%,184.2,184.84,180.73,4180400,2026-03-20
VFC,"V.F. Corp",16.28,-0.21,-1.27%,16.46,16.53,16.07,6814700,2026-03-20
VICI,"Vici Properties Inc",26.83,-1.15,-4.11%,27.96,27.98,26.755,15368000,2026-03-20
VIK,"Viking Holdings Ltd",67.99,-3.48,-4.87%,70.64,70.815,67.6,2752000,2026-03-20
VIRT,"Virtu Financial Cm A",41.63,2.05,+5.18%,40.38,41.84,39.9,2628900,2026-03-20
VKTX,"Viking Thera",32.33,-1.59,-4.69%,33.62,34.38,31.49,3523600,2026-03-20
VLO,"Valero Energy Corp",239.86,-2.21,-0.91%,243.21,244.74,237.94,19803100,2026-03-20
VLTO,"Veralto Corporation",88.63,-1.03,-1.15%,89.54,89.625,87.99,5717900,2026-03-20
VMC,"Vulcan Materials Company",258.4,1.38,+0.54%,257.85,259.49,254.85,2709000,2026-03-20
VMI,"Valmont Industries",391.96,-4.5,-1.14%,395.38,399.275,386.49,377600,2026-03-20
VNO,"Vornado Realty Trust",25.41,-1.07,-4.04%,26.58,26.58,25.33,6058600,2026-03-20
VNOM,"Viper Energy Inc",48.09,0.77,+1.63%,47.94,49.08,47.52,8774899,2026-03-20
VNT,"Vontier Corp",35.2,-0.13,-0.37%,35.18,35.36,34.83,1678400,2026-03-20
VOYA,"VOYA Financial Inc",67.15,0.34,+0.51%,66.75,67.34,66.23,1646100,2026-03-20
VRSK,"Verisk Analytics Inc",201.75,0.06,+0.03%,201.1,204.27,200.11,2004300,2026-03-20
VRSN,"Verisign Inc",240.78,1.13,+0.47%,239.36,241.52,237,1905100,2026-03-20
VRT,"Vertiv Holdings Llc.",255.88,-13.29,-4.94%,268.62,272.84,255.51,87826600,2026-03-20
VRTX,"Vertex Pharmaceutic",454,-4.05,-0.88%,454.62,461.05,452.89,2200300,2026-03-20
VSNT,"Versant Media Group Inc",36.23,0.73,+2.06%,35.71,36.29,34.99,6009100,2026-03-20
VST,"Vistra Energy Corp",146.02,-21.122,-12.64%,166.47,166.47,144.83,11109500,2026-03-20
VTR,"Ventas Inc",82.5,-3.05,-3.57%,85.55,85.69,81.96,6182600,2026-03-20
VTRS,"Viatris Inc",13.2,-0.3,-2.22%,13.54,13.61,13.05,23199201,2026-03-20
VVV,"Valvoline Inc",32.74,-0.08,-0.24%,32.82,32.965,32.42,2192300,2026-03-20
VZ,"Verizon Communications Inc",49.98,0.5,+1.01%,49.74,50.455,49.49,67321700,2026-03-20
W,"Wayfair Inc",72.35,-3.92,-5.14%,76.13,76.315,71.5,3683400,2026-03-20
WAB,"Wabtec Corp",236.06,-1.08,-0.46%,236.78,237.51,232.8,1319400,2026-03-20
WAL,"Western Alliance Bancorp",67.04,-0.31,-0.46%,67.38,67.59,66.12,2618300,2026-03-20
WAT,"Waters Corp",298.99,-0.58,-0.19%,300,303.44,298.2173,1980500,2026-03-20
WBD,"Discovery Inc Series A",27.42,-0.21,-0.76%,27.59,27.68,27.33,52492699,2026-03-20
WBS,"Webster Financial Corp",67.8,-0.94,-1.37%,68.6,68.72,67.575,5205700,2026-03-20
WCC,"Wesco International",250.02,-8.02,-3.11%,257.27,260.4,247.54,965100,2026-03-20
WDAY,"Workday Inc",135.96,2.58,+1.93%,132.02,136.88,128.75,9233600,2026-03-20
WDC,"Western Digital Corp",293.1,-23.83,-7.52%,309.52,312.99,291.18,12877100,2026-03-20
WEC,"Wisconsin Energy Corp",112.18,-3.46,-2.99%,115.58,116.03,112.075,3785900,2026-03-20
WELL,"Welltower Inc",195.94,-10.15,-4.93%,205.05,205.12,194.3,9165500,2026-03-20
WEN,"Wendys Company",7.09,0.03,+0.42%,7.07,7.2,7.03,16806000,2026-03-20
WEX,"Wex Inc",156.89,5.2,+3.43%,150.14,157.02,148.175,845800,2026-03-20
WFC,"Wells Fargo & Company",77.6,1.21,+1.58%,76.4,77.92,76.21,40461100,2026-03-20
WFRD,"Weatherford International Plc",86.14,-1.37,-1.57%,87.26,89.19,85.28,2739100,2026-03-20
WH,"Wyndham Hotels & Resorts Inc",76.19,-2.45,-3.12%,78.41,78.82,75.79,1410800,2026-03-20
WHR,"Whirlpool Corp",52.26,-1.98,-3.65%,53.85,54.2,52.01,5644700,2026-03-20
WING,"Wingstop Inc",187.79,0.5,+0.27%,184.29,193.37,184,1162400,2026-03-20
WLK,"Westlake Corp",106.12,-5.11,-4.59%,111.8,112.41,105.48,1522200,2026-03-20
WM,"Waste Management",231.24,-2.59,-1.11%,234.19,234.99,230.08,2526800,2026-03-20
WMB,"Williams Companies",72.41,-1.65,-2.23%,74.03,74.65,72.19,12677200,2026-03-20
WMS,"Advanced Drainage Systems Inc",132.19,-2.46,-1.83%,135.29,136.18,130.6,1445100,2026-03-20
WMT,"Walmart Inc",119.02,-2.07,-1.71%,120.63,121.3,118.02,57545602,2026-03-20
WPC,"W.P. Carey & Company Llc",67.55,-1.83,-2.64%,69.55,69.5507,67.08,2670900,2026-03-20
WRB,"W.R. Berkley Corp",65.74,-0.48,-0.72%,66.04,66.54,65.68,8514000,2026-03-20
WSC,"Willscot Holdings Corp",17.03,0.04,+0.24%,17.08,17.4,16.79,4130900,2026-03-20
WSM,Williams-Sonoma,178.42,-4.16,-2.28%,182.08,182.32,177.37,3121300,2026-03-20
WSO,"Watsco Inc",373.24,-9.89,-2.58%,381.55,383.6499,372.385,1440700,2026-03-20
WST,"West Pharmaceutical Services",237.03,-3.3,-1.37%,238.85,241.4,236.12,1186800,2026-03-20
WTFC,"Wintrust Financial Corp",132.53,-0.69,-0.52%,133.22,134.48,131,1336100,2026-03-20
WTM,"White Mountains Insurance Group",2155.01,-26.1499,-1.20%,2190,2205.9851,2155,22500,2026-03-20
WTRG,"Essential Utilities Inc",39.93,-0.54,-1.33%,40.36,40.66,39.78,4936900,2026-03-20
WTW,"Willis Towers Watson Public Ltd",291.25,4.03,+1.40%,286.9,293.9,286.86,943200,2026-03-20
WU,"Western Union Company",9.02,-0.16,-1.74%,9.17,9.21,8.975,22783400,2026-03-20
WWD,"Woodward Inc",353.35,-14.64,-3.98%,366.69,367.74,350.9,1271200,2026-03-20
WY,"Weyerhaeuser Company",22.47,-0.49,-2.13%,22.93,23.04,22.405,8903500,2026-03-20
WYNN,"Wynn Resorts Ltd",99.98,-3.18,-3.08%,102.9,103,99.18,2186400,2026-03-20
XEL,"XCEL Energy Inc",76.77,-2.76,-3.47%,79.01,79.67,76.18,9225000,2026-03-20
XOM,"Exxon Mobil Corp",159.67,1.51,+0.95%,159.35,162.44,159.1,53942100,2026-03-20
XP,"XP Inc Cl A",18.2,-0.72,-3.81%,18.64,18.72,17.92,5975700,2026-03-20
XPO,"Xpo Inc",181.85,-5.52,-2.95%,188.02,188.97,178.98,2292600,2026-03-20
XRAY,"Dentsply Sirona Inc",10.95,-0.31,-2.75%,11.22,11.33,10.85,6349900,2026-03-20
XYL,"Xylem Inc",120.44,-0.06,-0.05%,119.99,121.13,119.1,3835300,2026-03-20
XYZ,"Block Inc",59.37,0.38,+0.64%,58.56,60.4297,58.09,10017900,2026-03-20
YETI,"Yeti Holdings Inc",35.5,-0.93,-2.55%,36.01,36.445,35.17,1559800,2026-03-20
YUM,"Yum! Brands",156.41,0.16,+0.10%,156.57,157.905,155.49,3559900,2026-03-20
Z,"Zillow Group Cl C",43.95,-1.59,-3.49%,45.3,45.54,43.64,5941300,2026-03-20
ZBH,"Zimmer Biomet Holdings",87.87,-1.97,-2.19%,89.49,90.22,87.35,2751400,2026-03-20
ZBRA,"Zebra Technologies",203.62,-2.57,-1.25%,203.91,206,200.44,1857700,2026-03-20
ZG,"Zillow Grp Inc Cl A",43.53,-1.36,-3.03%,44.5,44.68,43.17,1628900,2026-03-20
"Downloaded from Barchart.com as of 03-22-2026 09:38pm CDT"
