frame,threads,blocks,native_covered,scaled_covered,fr_up_ms,lg_up_ms,self_diff_ms,cross_diff_ms,total_gpu_ms,heat_self_mean,heat_cross_mean,nonzero_diff_pixels
0,256,150,1,1,281.899,0.407168,0.417792,0.016384,281.899,18,18,345600
1,256,150,1,1,0.134912,0.136544,0.024576,0.018432,0.136544,18,18,345600
2,256,150,1,1,0.129568,0.07616,0.038912,0.060416,0.129568,18,18,345600
3,256,150,1,1,1.76819,1.68064,0.023552,0.01536,1.76819,18,18,345600
4,256,150,1,1,0.2648,0.187392,0.0256,0.017408,0.2648,18,18,345600
5,256,150,1,1,0.125248,0.09408,0.0256,0.096256,0.125248,18,18,345600
6,256,150,1,1,0.110496,0.115808,0.023552,0.014336,0.115808,18,18,345600
7,256,150,1,1,0.146304,0.160512,0.024576,0.01536,0.160512,18,18,345600
8,256,150,1,1,0.107872,0.11152,0.024576,0.01536,0.11152,18,18,345600
9,256,150,1,1,0.11424,0.53536,0.06656,0.070656,0.53536,18,18,345600
10,256,150,1,1,0.112192,0.11872,0.024576,0.014336,0.11872,18,18,345600
11,256,150,1,1,0.115904,0.114816,0.024576,0.014336,0.115904,18,18,345600
12,256,150,1,1,0.169728,0.093216,0.024576,0.01536,0.169728,18,18,345600
13,256,150,1,1,0.135168,0.093504,0.024576,0.01536,0.135168,18,18,345600
14,256,150,1,1,0.148736,0.083232,0.024576,0.016384,0.148736,18,18,345600
15,256,150,1,1,0.259008,0.241888,0.024576,0.016384,0.259008,23.4432,18,345600
16,256,150,1,1,0.135008,0.14416,0.0256,0.016384,0.14416,23.4432,18,345600
17,256,150,1,1,0.148288,0.146656,0.0256,0.01536,0.148288,26.8146,18,345600
18,256,150,1,1,0.15024,0.10256,0.0256,0.014336,0.15024,26.8146,18,345600
19,256,150,1,1,0.119744,0.083744,0.028672,0.043008,0.119744,25.108,18,345600
20,256,150,1,1,0.141728,0.15744,0.024576,0.01536,0.15744,25.108,18,345600
21,256,150,1,1,0.143648,0.158656,0.0256,0.01536,0.158656,22.1552,18,345600
22,256,150,1,1,0.141632,0.114048,0.0256,0.01536,0.141632,22.1552,18,345600
23,256,150,1,1,0.10608,0.114976,0.024576,0.01536,0.114976,21.5812,18,345600
24,256,150,1,1,0.151168,0.101312,0.141312,0.028512,0.151168,21.5812,18,345600
25,256,150,1,1,0.110432,0.113248,0.0256,0.01536,0.113248,21.1129,18,345600
26,256,150,1,1,0.15168,0.095168,0.069632,0.014336,0.15168,21.1129,18,345600
27,256,150,1,1,0.154048,0.170784,0.023552,0.01536,0.170784,20.8291,18,345600
28,256,150,1,1,0.110432,0.11552,0.026624,0.01536,0.11552,20.8291,18,345600
29,256,150,1,1,0.175712,0.151008,0.037888,0.016384,0.175712,20.5974,18,345600
30,256,150,1,1,0.2096,0.133728,0.03584,0.016384,0.2096,20.5974,18,345600
31,256,150,1,1,0.234272,0.181152,0.034816,0.016384,0.234272,20.5974,18,345600
32,256,150,1,1,0.17152,0.165024,0.037888,0.017408,0.17152,20.5974,18,345600
33,256,150,1,1,0.139136,0.178304,0.037888,0.016416,0.178304,20.5974,18,345600
34,256,150,1,1,0.18112,0.163904,0.036864,0.016384,0.18112,20.5974,18,345600
35,256,150,1,1,0.135648,0.164576,0.03584,0.016384,0.164576,20.5974,18,345600
36,256,150,1,1,0.154816,0.113472,0.03584,0.017408,0.154816,20.5974,18,345600
37,256,150,1,1,0.109248,0.154624,0.03584,0.016384,0.154624,20.5974,18,345600
38,256,150,1,1,0.103872,0.087104,0.036864,0.016384,0.103872,20.5974,18,345600
39,256,150,1,1,0.07808,0.108128,0.03584,0.016384,0.108128,20.5974,18,345600
40,256,150,1,1,0.178464,0.223264,0.03584,0.017408,0.223264,20.5974,18,345600
41,256,150,1,1,0.152032,0.190944,0.03584,0.016384,0.190944,20.5974,18,345600
42,256,150,1,1,0.072864,0.114144,0.036864,0.016384,0.114144,20.5974,18,345600
43,256,150,1,1,0.136896,0.1808,0.03584,0.017408,0.1808,20.5974,18,345600
44,256,150,1,1,0.106368,0.152832,0.034816,0.016384,0.152832,20.5974,18,345600
45,256,150,1,1,0.097504,0.129216,0.03584,0.016384,0.129216,20.5974,18,345600
46,256,150,1,1,0.124352,0.169184,0.036864,0.017408,0.169184,20.5974,18,345600
47,256,150,1,1,0.120704,0.16816,0.036864,0.016384,0.16816,20.5974,18,345600
48,256,150,1,1,0.086368,0.13264,0.037888,0.017408,0.13264,20.5974,18,345600
49,256,150,1,1,0.110976,0.131648,0.034816,0.016384,0.131648,20.5974,18,345600
50,256,150,1,1,0.173888,0.219136,0.036864,0.016384,0.219136,20.5974,18,345600
51,256,150,1,1,0.148576,0.189216,0.03584,0.016384,0.189216,20.5974,18,345600
52,256,150,1,1,0.084672,0.116704,0.03584,0.017408,0.116704,20.5974,18,345600
53,256,150,1,1,0.079808,0.115744,0.034816,0.017408,0.115744,20.5974,18,345600
54,256,150,1,1,0.073856,0.11392,0.03584,0.016384,0.11392,20.5974,18,345600
55,256,150,1,1,0.116576,0.159392,0.036864,0.016384,0.159392,20.5974,18,345600
56,256,150,1,1,0.101792,0.14928,0.036864,0.016384,0.14928,20.5974,18,345600
57,256,150,1,1,0.079008,0.083136,0.036864,0.016384,0.083136,20.5974,18,345600
58,256,150,1,1,0.075424,0.111872,0.03584,0.017408,0.111872,20.5974,18,345600
59,256,150,1,1,0.124192,0.169696,0.034816,0.016384,0.169696,20.5974,18,345600
60,256,150,1,1,0.084416,0.119232,0.034816,0.016384,0.119232,20.5974,18,345600
61,256,150,1,1,0.07984,0.098144,0.03584,0.016384,0.098144,20.5974,18,345600
62,256,150,1,1,0.181504,0.151904,0.036864,0.016384,0.181504,20.5974,18,345600
63,256,150,1,1,1.98307,2.01379,0.03584,0.016384,2.01379,20.5974,18,345600
64,256,150,1,1,0.143648,0.180096,0.03584,0.017408,0.180096,20.5974,18,345600
65,256,150,1,1,0.18656,0.225152,0.037888,0.016384,0.225152,20.5974,18,345600
66,256,150,1,1,0.10416,0.120736,0.036864,0.016384,0.120736,20.5974,18,345600
67,256,150,1,1,0.093344,0.139808,0.036864,0.016384,0.139808,20.5974,18,345600
68,256,150,1,1,0.113664,0.099264,0.034816,0.016384,0.113664,20.5974,18,345600
69,256,150,1,1,0.13584,0.173952,0.036864,0.016384,0.173952,20.5974,18,345600
70,256,150,1,1,0.144416,0.1792,0.036864,0.016384,0.1792,20.5974,18,345600
71,256,150,1,1,0.144448,0.178592,0.036864,0.016384,0.178592,20.5974,18,345600
72,256,150,1,1,0.149056,0.180544,0.03584,0.017408,0.180544,20.5974,18,345600
73,256,150,1,1,0.139424,0.178336,0.036864,0.016384,0.178336,20.5974,18,345600
74,256,150,1,1,0.142272,0.174304,0.03584,0.016384,0.174304,20.5974,18,345600
75,256,150,1,1,0.174624,0.196992,0.03584,0.016384,0.196992,20.5974,18,345600
76,256,150,1,1,0.166784,0.159968,0.03584,0.018432,0.166784,20.5974,18,345600
77,256,150,1,1,0.1768,0.163936,0.037888,0.017408,0.1768,20.5974,18,345600
78,256,150,1,1,0.158784,0.174592,0.036864,0.016384,0.174592,20.5974,18,345600
79,256,150,1,1,0.188128,0.232512,0.036864,0.016384,0.232512,20.5974,18,345600
80,256,150,1,1,0.39552,0.374656,0.036864,0.017408,0.39552,20.5974,18,345600
81,256,150,1,1,0.158464,0.185952,0.037888,0.017408,0.185952,20.5974,18,345600
82,256,150,1,1,0.142304,0.177984,0.034816,0.016384,0.177984,20.5974,18,345600
83,256,150,1,1,0.150464,0.179584,0.03584,0.017408,0.179584,20.5974,18,345600
84,256,150,1,1,0.147488,0.178176,0.03584,0.017408,0.178176,20.5974,18,345600
85,256,150,1,1,0.158112,0.182976,0.038912,0.016384,0.182976,20.5974,18,345600
86,256,150,1,1,0.190784,0.237088,0.03584,0.017408,0.237088,20.5974,18,345600
87,256,150,1,1,0.236736,0.281088,0.03584,0.016384,0.281088,20.5974,18,345600
88,256,150,1,1,0.13808,0.160288,0.03584,0.017408,0.160288,20.5974,18,345600
89,256,150,1,1,0.14896,0.174144,0.036864,0.016384,0.174144,20.5974,18,345600
90,256,150,1,1,0.195616,0.143648,0.034816,0.016384,0.195616,20.5974,18,345600
91,256,150,1,1,0.17712,0.2192,0.037888,0.016384,0.2192,20.5974,18,345600
92,256,150,1,1,0.171648,0.160896,0.036864,0.016384,0.171648,20.5974,18,345600
93,256,150,1,1,0.1528,0.151104,0.036864,0.017408,0.1528,20.5974,18,345600
94,256,150,1,1,0.072384,0.113376,0.03584,0.016384,0.113376,20.5974,18,345600
95,256,150,1,1,0.485824,0.50896,0.036864,0.017408,0.50896,20.5974,18,345600
96,256,150,1,1,0.14576,0.182144,0.03584,0.017408,0.182144,20.5974,18,345600
97,256,150,1,1,0.15232,0.187104,0.038912,0.017408,0.187104,20.5974,18,345600
98,256,150,1,1,0.211456,0.157472,0.034816,0.016384,0.211456,20.5974,18,345600
99,256,150,1,1,0.209728,0.255072,0.03584,0.016384,0.255072,20.5974,18,345600
100,256,150,1,1,0.165248,0.153088,0.03584,0.017408,0.165248,20.5974,18,345600
101,256,150,1,1,0.148416,0.179648,0.036864,0.016384,0.179648,20.5974,18,345600
102,256,150,1,1,0.4264,0.47056,0.034816,0.016384,0.47056,20.5974,18,345600
103,256,150,1,1,0.227168,0.168192,0.036864,0.016384,0.227168,20.5974,18,345600
104,256,150,1,1,0.166496,0.129184,0.03584,0.017408,0.166496,20.5974,18,345600
105,256,150,1,1,0.218336,0.146496,0.037888,0.017408,0.218336,20.5974,18,345600
106,256,150,1,1,0.199776,0.24576,0.03584,0.016384,0.24576,20.5974,18,345600
107,256,150,1,1,0.184704,0.23008,0.036864,0.017408,0.23008,20.5974,18,345600
108,256,150,1,1,0.13888,0.175488,0.03584,0.016384,0.175488,20.5974,18,345600
109,256,150,1,1,0.143744,0.177504,0.038912,0.017408,0.177504,20.5974,18,345600
110,256,150,1,1,0.181376,0.141568,0.034816,0.017408,0.181376,20.5974,18,345600
111,256,150,1,1,0.143808,0.158464,0.034816,0.016384,0.158464,20.5974,18,345600
112,256,150,1,1,0.178816,0.141856,0.036864,0.017408,0.178816,20.5974,18,345600
113,256,150,1,1,0.178848,0.204992,0.037888,0.016384,0.204992,20.5974,18,345600
114,256,150,1,1,0.498496,0.442048,0.03584,0.016384,0.498496,20.5974,18,345600
115,256,150,1,1,0.189856,0.16448,0.03584,0.017408,0.189856,20.5974,18,345600
116,256,150,1,1,0.144096,0.18448,0.03584,0.017408,0.18448,20.5974,18,345600
117,256,150,1,1,0.196224,0.169152,0.038912,0.017408,0.196224,20.5974,18,345600
118,256,150,1,1,0.204128,0.149248,0.033792,0.016384,0.204128,20.5974,18,345600
119,256,150,1,1,0.153056,0.150784,0.036864,0.016384,0.153056,20.5974,18,345600
120,256,150,1,1,0.146816,0.15936,0.036864,0.018432,0.15936,20.5974,18,345600
121,256,150,1,1,0.178752,0.146272,0.037888,0.016384,0.178752,20.5974,18,345600
122,256,150,1,1,0.169472,0.185152,0.03584,0.016384,0.185152,20.5974,18,345600
123,256,150,1,1,0.201952,0.160064,0.036864,0.083968,0.201952,20.5974,18,345600
124,256,150,1,1,0.180416,0.192128,0.034816,0.017408,0.192128,20.5974,18,345600
125,256,150,1,1,0.272448,0.180064,0.036864,0.016384,0.272448,20.5974,18,345600
126,256,150,1,1,0.168352,0.181152,0.03584,0.017408,0.181152,20.5974,18,345600
127,256,150,1,1,0.149792,0.18112,0.03584,0.016384,0.18112,20.5974,18,345600
128,256,150,1,1,0.226368,0.176128,0.034816,0.017408,0.226368,20.5974,18,345600
129,256,150,1,1,0.13968,0.177408,0.036864,0.017408,0.177408,20.5974,18,345600
130,256,150,1,1,0.193792,0.229728,0.034816,0.016384,0.229728,20.5974,18,345600
131,256,150,1,1,0.150944,0.181152,0.036864,0.016384,0.181152,20.5974,18,345600
132,256,150,1,1,0.201664,0.207296,0.03584,0.017408,0.207296,20.5974,18,345600
133,256,150,1,1,0.156608,0.182528,0.037888,0.017408,0.182528,20.5974,18,345600
134,256,150,1,1,0.161312,0.16384,0.03584,0.017408,0.16384,20.5974,18,345600
135,256,150,1,1,0.157376,0.152416,0.036864,0.017408,0.157376,20.5974,18,345600
136,256,150,1,1,0.1968,0.243072,0.034816,0.017408,0.243072,20.5974,18,345600
137,256,150,1,1,0.152128,0.1912,0.037888,0.016384,0.1912,20.5974,18,345600
138,256,150,1,1,0.178816,0.20576,0.03584,0.016384,0.20576,20.5974,18,345600
139,256,150,1,1,0.183136,0.145504,0.036864,0.016416,0.183136,20.5974,18,345600
140,256,150,1,1,0.142528,0.156832,0.036864,0.017408,0.156832,20.5974,18,345600
141,256,150,1,1,0.17952,0.218752,0.036864,0.016384,0.218752,20.5974,18,345600
142,256,150,1,1,0.165696,0.186176,0.03584,0.017408,0.186176,20.5974,18,345600
143,256,150,1,1,0.1832,0.11648,0.03584,0.016384,0.1832,20.5974,18,345600
144,256,150,1,1,0.200832,0.160128,0.036864,0.017408,0.200832,20.5974,18,345600
145,256,150,1,1,0.14768,0.18,0.03584,0.016384,0.18,20.5974,18,345600
146,256,150,1,1,0.246272,0.291584,0.03584,0.016384,0.291584,20.5974,18,345600
147,256,150,1,1,0.149568,0.181728,0.036864,0.016384,0.181728,20.5974,18,345600
148,256,150,1,1,0.207072,0.251424,0.03584,0.017408,0.251424,20.5974,18,345600
149,256,150,1,1,0.140896,0.178624,0.038912,0.016384,0.178624,20.5974,18,345600
150,256,150,1,1,0.13776,0.180032,0.03584,0.017408,0.180032,20.5974,18,345600
151,256,150,1,1,0.146624,0.179744,0.036864,0.016384,0.179744,20.5974,18,345600
152,256,150,1,1,0.31152,0.134016,0.034816,0.018432,0.31152,20.5974,18,345600
153,256,150,1,1,0.144096,0.177952,0.036864,0.016384,0.177952,20.5974,18,345600
154,256,150,1,1,0.195104,0.24112,0.03584,0.017408,0.24112,20.5974,18,345600
155,256,150,1,1,0.14672,0.162432,0.03584,0.016384,0.162432,20.5974,18,345600
156,256,150,1,1,0.169856,0.15952,0.03584,0.017408,0.169856,20.9095,18,345600
157,256,150,1,1,0.158208,0.190944,0.036864,0.016384,0.190944,20.9095,18,345600
158,256,150,1,1,0.165888,0.156544,0.034816,0.017408,0.165888,21.3062,18,345600
159,256,150,1,1,0.810304,0.848896,0.037888,0.017408,0.848896,21.3062,18,345600
160,256,150,1,1,0.143872,0.180704,0.036864,0.017408,0.180704,21.774,18,345600
161,256,150,1,1,0.146144,0.149568,0.036864,0.017408,0.149568,21.774,18,345600
162,256,150,1,1,0.135712,0.177472,0.03584,0.016384,0.177472,22.865,18,345600
163,256,150,1,1,0.209088,0.157088,0.033792,0.016384,0.209088,22.865,18,345600
164,256,150,1,1,0.137056,0.177216,0.037888,0.018432,0.177216,25.5418,18,345600
165,256,150,1,1,0.14928,0.178112,0.037888,0.017408,0.178112,25.5418,18,345600
166,256,150,1,1,0.142944,0.182144,0.03584,0.016384,0.182144,26.3185,18,345600
167,256,150,1,1,0.14112,0.178528,0.036864,0.016384,0.178528,26.3185,18,345600
168,256,150,1,1,0.192448,0.167712,0.036864,0.017408,0.192448,22.3605,18,345600
169,256,150,1,1,0.140384,0.180736,0.037888,0.016384,0.180736,22.3605,18,345600
170,256,150,1,1,0.168,0.214624,0.03584,0.016384,0.214624,18,18,345600
171,256,150,1,1,0.180768,0.219936,0.036864,0.016384,0.219936,18,18,345600
172,256,150,1,1,0.154624,0.194912,0.034816,0.017408,0.194912,18,18,345600
173,256,150,1,1,0.124352,0.169696,0.034816,0.017408,0.169696,18,18,345600
174,256,150,1,1,0.113664,0.158592,0.034816,0.016384,0.158592,18,18,345600
175,256,150,1,1,0.154464,0.136448,0.034816,0.016384,0.154464,18,18,345600
176,256,150,1,1,0.147136,0.180736,0.034816,0.016384,0.180736,18,18,345600
177,256,150,1,1,0.111904,0.159392,0.037888,0.017408,0.159392,18,18,345600
178,256,150,1,1,0.1584,0.2048,0.03584,0.016384,0.2048,18,18,345600
179,256,150,1,1,0.07232,0.1104,0.03584,0.016384,0.1104,18,18,345600
180,256,150,1,1,0.16064,0.185408,0.03584,0.017408,0.185408,18,18,345600
181,256,150,1,1,0.20784,0.16512,0.036864,0.017408,0.20784,18,18,345600
182,256,150,1,1,0.25936,0.166816,0.03584,0.017408,0.25936,18,18,345600
183,256,150,1,1,0.141376,0.109216,0.036864,0.016384,0.141376,18,18,345600
184,256,150,1,1,1.06131,1.10771,0.03584,0.017408,1.10771,18,18,345600
185,256,150,1,1,0.148448,0.108544,0.03584,0.017408,0.148448,18,18,345600
186,256,150,1,1,0.149216,0.150464,0.034816,0.016384,0.150464,18,18,345600
187,256,150,1,1,0.149376,0.0928,0.03584,0.017408,0.149376,18,18,345600
188,256,150,1,1,0.174816,0.178944,0.034816,0.017408,0.178944,18,18,345600
189,256,150,1,1,0.142848,0.179296,0.037888,0.017408,0.179296,18,18,345600
190,256,150,1,1,0.183552,0.228896,0.03584,0.016384,0.228896,18,18,345600
191,256,150,1,1,0.183072,0.184832,0.03584,0.016448,0.184832,18,18,345600
192,256,150,1,1,0.171552,0.17136,0.036864,0.018432,0.171552,18,18,345600
193,256,150,1,1,0.179584,0.207488,0.036864,0.016384,0.207488,18,18,345600
194,256,150,1,1,0.172736,0.2072,0.034816,0.016384,0.2072,18,18,345600
195,256,150,1,1,0.22352,0.182368,0.03584,0.016384,0.22352,18,18,345600
196,256,150,1,1,0.197952,0.242368,0.034816,0.017408,0.242368,18,18,345600
197,256,150,1,1,0.146368,0.18208,0.036864,0.017408,0.18208,18,18,345600
198,256,150,1,1,0.262656,0.122336,0.038848,0.017408,0.262656,18,18,345600
199,256,150,1,1,0.175744,0.197312,0.03584,0.016384,0.197312,18,18,345600
200,256,150,1,1,0.1576,0.19664,0.03584,0.017408,0.19664,18,18,345600
201,256,150,1,1,0.17808,0.15808,0.036864,0.017408,0.17808,19.3042,18,345600
202,256,150,1,1,0.182784,0.125664,0.032768,0.016384,0.182784,19.3042,18,345600
203,256,150,1,1,0.193024,0.141408,0.032768,0.016384,0.193024,19.3042,18,345600
204,256,150,1,1,0.144256,0.1592,0.03072,0.016384,0.1592,19.3042,18,345600
205,256,150,1,1,0.128672,0.117536,0.031744,0.016384,0.128672,19.3042,18,345600
206,256,150,1,1,0.120576,0.138432,0.028672,0.016384,0.138432,19.3042,18,345600
207,256,150,1,1,0.12144,0.108224,0.029696,0.016384,0.12144,19.3042,18,345600
208,256,150,1,1,0.197184,0.224096,0.028672,0.016384,0.224096,19.396,18,345600
209,256,150,1,1,0.154624,0.17152,0.03072,0.016384,0.17152,19.4674,18,345600
210,256,150,1,1,0.151712,0.167008,0.027648,0.016384,0.167008,19.5611,18,345600
211,256,150,1,1,0.123808,0.1136,0.03072,0.016384,0.123808,19.6355,18,345600
212,256,150,1,1,0.126944,0.14384,0.029696,0.016384,0.14384,19.7112,18,345600
213,256,150,1,1,0.120224,0.139392,0.032768,0.01536,0.139392,19.7872,18,345600
214,256,150,1,1,0.160672,0.188224,0.028672,0.016384,0.188224,19.8238,18,345600
215,256,150,1,1,0.173632,0.127008,0.028672,0.016384,0.173632,19.8474,18,345600
216,256,150,1,1,0.169408,0.103584,0.03072,0.017408,0.169408,19.8893,18,345600
217,256,150,1,1,0.230144,0.195776,0.027648,0.016384,0.230144,19.948,18,345600
218,256,150,1,1,0.095136,0.1232,0.029696,0.01536,0.1232,20.0373,18,345600
219,256,150,1,1,0.106656,0.135584,0.03072,0.016384,0.135584,20.0765,18,345600
220,256,150,1,1,0.645664,0.674656,0.029696,0.016384,0.674656,20.1403,18,345600
221,256,150,1,1,0.208,0.116928,0.031744,0.01536,0.208,20.2323,18,345600
222,256,150,1,1,0.06192,0.083488,0.027648,0.01536,0.083488,20.2532,18,345600
223,256,150,1,1,0.059648,0.091776,0.028672,0.01536,0.091776,20.2886,18,345600
224,256,150,1,1,0.097056,0.12496,0.028672,0.016384,0.12496,20.3029,18,345600
225,256,150,1,1,0.713632,0.676,0.031744,0.016384,0.713632,20.357,18,345600
226,256,150,1,1,0.135136,0.155104,0.029696,0.016384,0.155104,20.4406,18,345600
227,256,150,1,1,0.108576,0.136224,0.03072,0.01536,0.136224,20.5145,18,345600
228,256,150,1,1,0.12592,0.1432,0.029696,0.017408,0.1432,20.5816,18,345600
229,256,150,1,1,0.153152,0.12736,0.031744,0.016384,0.153152,20.6471,18,345600
230,256,150,1,1,1.13968,1.16858,0.029696,0.016384,1.16858,20.7038,18,345600
231,256,150,1,1,0.162816,0.189696,0.029696,0.016384,0.189696,20.6866,18,345600
232,256,150,1,1,0.125952,0.145856,0.029696,0.016384,0.145856,20.716,18,345600
233,256,150,1,1,0.122336,0.140992,0.03072,0.016384,0.140992,20.7823,18,345600
234,256,150,1,1,0.126368,0.14256,0.029696,0.016384,0.14256,20.8401,18,345600
235,256,150,1,1,0.167424,0.19536,0.03072,0.01536,0.19536,20.9313,18,345600
236,256,150,1,1,0.194144,0.222112,0.03072,0.016384,0.222112,21.0051,18,345600
237,256,150,1,1,0.129856,0.123232,0.031744,0.01536,0.129856,21.1042,18,345600
238,256,150,1,1,0.124864,0.14224,0.028672,0.01536,0.14224,21.1419,18,345600
239,256,150,1,1,0.136896,0.149312,0.029696,0.016384,0.149312,21.1425,18,345600
240,256,150,1,1,0.162496,0.147104,0.029696,0.016384,0.162496,21.1766,18,345600
241,256,150,1,1,0.18,0.149024,0.03072,0.016384,0.18,21.235,18,345600
242,256,150,1,1,0.124768,0.128864,0.028672,0.016384,0.128864,21.2734,18,345600
243,256,150,1,1,0.135936,0.162848,0.029696,0.01536,0.162848,21.3585,18,345600
244,256,150,1,1,0.131552,0.143968,0.029696,0.016384,0.143968,21.4209,18,345600
245,256,150,1,1,0.22416,0.108384,0.031744,0.016384,0.22416,21.5838,18,345600
246,256,150,1,1,0.120096,0.143168,0.029696,0.01536,0.143168,21.6217,18,345600
247,256,150,1,1,0.14784,0.143424,0.029696,0.016384,0.14784,21.6393,18,345600
248,256,150,1,1,0.166112,0.190784,0.028672,0.017408,0.190784,21.5223,18,345600
249,256,150,1,1,0.136352,0.146912,0.031744,0.01536,0.146912,21.5115,18,345600
250,256,150,1,1,0.176768,0.10688,0.135232,0.072704,0.176768,21.4763,18,345600
251,256,150,1,1,0.14848,0.112,0.029696,0.01536,0.14848,21.5471,18,345600
252,256,150,1,1,0.146496,0.16816,0.029696,0.016384,0.16816,21.6207,18,345600
253,256,150,1,1,0.161472,0.187776,0.03072,0.01536,0.187776,21.5998,18,345600
254,256,150,1,1,0.127584,0.145056,0.028672,0.01536,0.145056,21.6343,18,345600
255,256,150,1,1,0.18448,0.148224,0.029696,0.016384,0.18448,21.5721,18,345600
256,256,150,1,1,0.1208,0.138048,0.028672,0.017408,0.138048,21.579,18,345600
257,256,150,1,1,0.170656,0.197504,0.03072,0.016384,0.197504,21.5487,18,345600
258,256,150,1,1,0.293632,0.318048,0.029696,0.016384,0.318048,21.529,18,345600
259,256,150,1,1,0.190816,0.217824,0.028672,0.01536,0.217824,21.6365,18,345600
260,256,150,1,1,0.096768,0.124768,0.029696,0.016384,0.124768,21.6204,18,345600
261,256,150,1,1,0.130976,0.1584,0.032768,0.016384,0.1584,21.6361,18,345600
262,256,150,1,1,0.120512,0.143712,0.029696,0.016384,0.143712,21.6284,18,345600
263,256,150,1,1,0.09296,0.117312,0.029696,0.016384,0.117312,21.5736,18,345600
264,256,150,1,1,0.078688,0.105216,0.029696,0.016384,0.105216,21.5754,18,345600
265,256,150,1,1,0.096256,0.123168,0.03072,0.01536,0.123168,21.6002,18,345600
266,256,150,1,1,0.484256,0.513248,0.028672,0.016384,0.513248,21.6594,18,345600
267,256,150,1,1,0.180736,0.208096,0.03072,0.01536,0.208096,21.6875,18,345600
268,256,150,1,1,0.06704,0.085696,0.028672,0.021504,0.085696,21.6855,18,345600
269,256,150,1,1,0.133088,0.14976,0.031744,0.016384,0.14976,21.706,18,345600
270,256,150,1,1,0.300064,0.276864,0.029696,0.016384,0.300064,21.7243,18,345600
271,256,150,1,1,0.15376,0.181888,0.03072,0.01536,0.181888,21.6602,18,345600
272,256,150,1,1,0.163616,0.190144,0.029696,0.017408,0.190144,21.657,18,345600
273,256,150,1,1,0.173952,0.298496,0.028672,0.04096,0.298496,21.7206,18,345600
274,256,150,1,1,0.12144,0.143104,0.029696,0.01536,0.143104,21.7007,18,345600
275,256,150,1,1,0.155296,0.181856,0.028672,0.070656,0.181856,21.7287,18,345600
276,256,150,1,1,0.153632,0.149056,0.029696,0.017408,0.153632,21.7084,18,345600
277,256,150,1,1,0.163296,0.173984,0.031744,0.016384,0.173984,21.7061,18,345600
278,256,150,1,1,0.120736,0.1272,0.028672,0.016384,0.1272,21.6815,18,345600
279,256,150,1,1,0.136032,0.129504,0.029696,0.016384,0.136032,21.66,18,345600
280,256,150,1,1,0.194784,0.117504,0.029696,0.1536,0.194784,21.6702,18,345600
281,256,150,1,1,0.162464,0.170816,0.03072,0.01536,0.170816,21.6828,18,345600
282,256,150,1,1,0.129088,0.143936,0.029696,0.016384,0.143936,21.6531,18,345600
283,256,150,1,1,0.10272,0.1296,0.029696,0.016384,0.1296,21.7062,18,345600
284,256,150,1,1,0.129184,0.1512,0.03072,0.017408,0.1512,21.7025,18,345600
285,256,150,1,1,0.152544,0.117216,0.031744,0.016384,0.152544,21.7095,18,345600
286,256,150,1,1,0.270624,0.278144,0.028672,0.01536,0.278144,21.7562,18,345600
287,256,150,1,1,0.127776,0.117632,0.03072,0.016384,0.127776,21.7805,18,345600
288,256,150,1,1,0.105696,0.133632,0.028672,0.01536,0.133632,21.7928,18,345600
289,256,150,1,1,0.072736,0.069568,0.043008,0.041984,0.072736,21.7837,18,345600
290,256,150,1,1,0.057344,0.0768,0.027648,0.01536,0.0768,21.7257,18,345600
291,256,150,1,1,0.088224,0.115232,0.028672,0.016384,0.115232,21.7367,18,345600
292,256,150,1,1,0.152896,0.177984,0.029696,0.016384,0.177984,21.727,18,345600
293,256,150,1,1,0.099616,0.123872,0.03072,0.016384,0.123872,21.7806,18,345600
294,256,150,1,1,0.096576,0.105952,0.028672,0.01536,0.105952,21.8376,18,345600
295,256,150,1,1,0.169888,0.06352,0.027648,0.034016,0.169888,21.8085,18,345600
296,256,150,1,1,0.13488,0.158624,0.03072,0.016384,0.158624,21.7635,18,345600
297,256,150,1,1,0.159648,0.119968,0.03072,0.01536,0.159648,21.7607,18,345600
298,256,150,1,1,0.15552,0.182464,0.028672,0.016384,0.182464,21.7337,18,345600
299,256,150,1,1,0.065664,0.084608,0.029696,0.01536,0.084608,21.7684,18,345600
300,256,150,1,1,0.110592,0.050848,0.029696,0.065536,0.110592,21.7782,18,345600
301,256,150,1,1,0.122752,0.141728,0.031744,0.01536,0.141728,21.8383,18,345600
302,256,150,1,1,0.119456,0.126592,0.028672,0.016384,0.126592,21.8507,18,345600
303,256,150,1,1,0.1256,0.1424,0.029696,0.016384,0.1424,21.8154,18,345600
304,256,150,1,1,0.190592,0.12224,0.029696,0.016384,0.190592,21.737,18,345600
305,256,150,1,1,0.12048,0.140928,0.03072,0.016384,0.140928,21.823,18,345600
306,256,150,1,1,0.171744,0.194112,0.029696,0.016384,0.194112,21.6687,18,345600
307,256,150,1,1,0.128288,0.151328,0.029696,0.01536,0.151328,21.7557,18,345600
308,256,150,1,1,0.231264,0.105888,0.029696,0.016384,0.231264,21.6637,18,345600
309,256,150,1,1,0.155808,0.18384,0.03072,0.016384,0.18384,21.7505,18,345600
310,256,150,1,1,0.178848,0.206752,0.029696,0.016384,0.206752,21.6489,18,345600
311,256,150,1,1,0.144352,0.147424,0.028672,0.016384,0.147424,21.6705,18,345600
312,256,150,1,1,0.138112,0.16608,0.029696,0.017408,0.16608,21.5445,18,345600
313,256,150,1,1,0.127168,0.143648,0.029696,0.016384,0.143648,21.6556,18,345600
314,256,150,1,1,0.13728,0.115264,0.029696,0.016384,0.13728,21.5122,18,345600
315,256,150,1,1,0.133984,0.113152,0.03072,0.016384,0.133984,21.7282,18,345600
316,256,150,1,1,0.220608,0.158784,0.03072,0.016384,0.220608,21.5135,18,345600
317,256,150,1,1,0.1576,0.128224,0.031744,0.069632,0.1576,21.6462,18,345600
318,256,150,1,1,0.124224,0.140704,0.028672,0.016384,0.140704,21.4625,18,345600
319,256,150,1,1,0.137664,0.120992,0.029696,0.016384,0.137664,21.5456,18,345600
320,256,150,1,1,0.140864,0.129312,0.028672,0.016448,0.140864,21.4005,18,345600
321,256,150,1,1,0.119872,0.142208,0.031744,0.016384,0.142208,21.616,18,345600
322,256,150,1,1,0.120608,0.13872,0.028672,0.01536,0.13872,21.3743,18,345600
323,256,150,1,1,0.126912,0.139136,0.029696,0.016384,0.139136,21.605,18,345600
324,256,150,1,1,0.119168,0.143488,0.029696,0.016384,0.143488,21.3732,18,345600
325,256,150,1,1,0.098336,0.073024,0.041152,0.045184,0.098336,21.5047,18,345600
326,256,150,1,1,0.134944,0.162816,0.029696,0.016384,0.162816,21.2593,18,345600
327,256,150,1,1,0.160544,0.189056,0.03072,0.01536,0.189056,21.4444,18,345600
328,256,150,1,1,0.155776,0.25088,0.027648,0.016384,0.25088,21.1686,18,345600
329,256,150,1,1,0.195936,0.21984,0.03072,0.01536,0.21984,21.5133,18,345600
330,256,150,1,1,0.124352,0.139552,0.028672,0.01536,0.139552,21.3388,18,345600
331,256,150,1,1,0.123424,0.141664,0.03072,0.01536,0.141664,21.6275,18,345600
332,256,150,1,1,0.132768,0.108384,0.029696,0.017408,0.132768,21.369,18,345600
333,256,150,1,1,0.180832,0.138496,0.031744,0.016384,0.180832,21.5762,18,345600
334,256,150,1,1,0.17984,0.10784,0.029696,0.016384,0.17984,21.2652,18,345600
335,256,150,1,1,0.182912,0.204,0.029696,0.016384,0.204,21.4413,18,345600
336,256,150,1,1,0.160608,0.125696,0.028672,0.017408,0.160608,21.2067,18,345600
337,256,150,1,1,0.156768,0.18464,0.031744,0.01536,0.18464,21.4326,18,345600
338,256,150,1,1,0.39696,0.415744,0.028672,0.016384,0.415744,21.152,18,345600
339,256,150,1,1,0.127872,0.141568,0.029696,0.01536,0.141568,21.3574,18,345600
340,256,150,1,1,0.146208,0.161184,0.029696,0.016384,0.161184,21.1858,18,345600
341,256,150,1,1,0.160704,0.18864,0.031744,0.01536,0.18864,21.29,18,345600
342,256,150,1,1,0.133408,0.142336,0.029696,0.01536,0.142336,21.0832,18,345600
343,256,150,1,1,0.14112,0.149824,0.03072,0.01536,0.149824,21.3188,18,345600
344,256,150,1,1,0.118592,0.128672,0.028704,0.016384,0.128672,21.1782,18,345600
345,256,150,1,1,0.120896,0.141472,0.03072,0.016384,0.141472,21.3984,18,345600
346,256,150,1,1,0.213952,0.239904,0.028672,0.016384,0.239904,21.1496,18,345600
347,256,150,1,1,0.159552,0.148672,0.029696,0.016384,0.159552,21.3222,18,345600
348,256,150,1,1,0.22864,0.255296,0.027648,0.017408,0.255296,21.1918,18,345600
349,256,150,1,1,0.123936,0.140192,0.029696,0.01536,0.140192,21.3314,18,345600
350,256,150,1,1,0.120352,0.140928,0.029696,0.01536,0.140928,21.2585,18,345600
351,256,150,1,1,0.13264,0.147392,0.03072,0.016384,0.147392,21.4652,18,345600
352,256,150,1,1,0.18752,0.170528,0.036864,0.02048,0.18752,21.3359,18,345600
353,256,150,1,1,0.162688,0.19872,0.039936,0.02048,0.19872,21.4381,18,345600
354,256,150,1,1,0.222528,0.16512,0.036864,0.019456,0.222528,21.2067,18,345600
355,256,150,1,1,0.18016,0.176736,0.036864,0.02048,0.18016,21.2216,18,345600
356,256,150,1,1,0.149408,0.174784,0.036864,0.019456,0.174784,21.1387,18,345600
357,256,150,1,1,0.147616,0.161312,0.039936,0.02048,0.161312,21.2355,18,345600
358,256,150,1,1,0.14864,0.178496,0.036864,0.019456,0.178496,21.1804,18,345600
359,256,150,1,1,0.167616,0.147264,0.038912,0.019456,0.167616,21.2156,18,345600
360,256,150,1,1,0.166784,0.173664,0.03584,0.021504,0.173664,21.3675,18,345600
361,256,150,1,1,0.161568,0.170752,0.043008,0.02048,0.170752,21.3765,18,345600
362,256,150,1,1,1.03728,1.00109,0.036864,0.019456,1.03728,21.3176,18,345600
363,256,150,1,1,0.149888,0.180128,0.038912,0.019456,0.180128,21.2155,18,345600
364,256,150,1,1,0.185344,0.16512,0.036864,0.02048,0.185344,21.0359,18,345600
365,256,150,1,1,0.192608,0.208928,0.039936,0.019456,0.208928,20.999,18,345600
366,256,150,1,1,0.143872,0.1752,0.038912,0.02048,0.1752,20.8995,18,345600
367,256,150,1,1,0.160352,0.17984,0.038912,0.02048,0.17984,20.8755,18,345600
368,256,150,1,1,0.188064,0.206784,0.037888,0.02048,0.206784,20.9211,18,345600
369,256,150,1,1,0.192448,0.17312,0.039936,0.019456,0.192448,20.8283,18,345600
370,256,150,1,1,0.163904,0.200992,0.037888,0.019456,0.200992,20.9362,18,345600
371,256,150,1,1,0.19392,0.226784,0.037888,0.019456,0.226784,21.2718,18,345600
372,256,150,1,1,0.156768,0.178656,0.037888,0.02048,0.178656,21.2942,18,345600
373,256,150,1,1,0.154176,0.180704,0.04096,0.02048,0.180704,21.2019,18,345600
374,256,150,1,1,0.182848,0.218272,0.038912,0.02048,0.218272,21.1202,18,345600
375,256,150,1,1,0.22624,0.15984,0.039936,0.02048,0.22624,21.0873,18,345600
376,256,150,1,1,0.231008,0.155264,0.038912,0.02048,0.231008,21.1277,18,345600
377,256,150,1,1,0.086976,0.111744,0.038912,0.02048,0.111744,21.1335,18,345600
378,256,150,1,1,0.229568,0.267808,0.038912,0.02048,0.267808,21.1905,18,345600
379,256,150,1,1,0.216224,0.173952,0.039936,0.021504,0.216224,21.2381,18,345600
380,256,150,1,1,0.147456,0.179936,0.038912,0.021504,0.179936,21.3422,18,345600
381,256,150,1,1,0.217696,0.245056,0.041984,0.02048,0.245056,21.3553,18,345600
382,256,150,1,1,0.093984,0.083296,0.039936,0.02048,0.093984,21.8388,18,345600
383,256,150,1,1,0.15312,0.184192,0.039936,0.02048,0.184192,21.5377,18,345600
384,256,150,1,1,0.145088,0.080928,0.038912,0.02048,0.145088,21.4582,18,345600
385,256,150,1,1,0.296384,0.329792,0.04096,0.021504,0.329792,21.464,18,345600
386,256,150,1,1,0.160448,0.187872,0.04096,0.02048,0.187872,21.5083,18,345600
387,256,150,1,1,0.115712,0.152384,0.04096,0.02048,0.152384,21.5046,18,345600
388,256,150,1,1,0.168768,0.081312,0.180224,0.02048,0.180224,22.1401,18,345600
389,256,150,1,1,0.153344,0.184256,0.041984,0.02048,0.184256,22.1058,18,345600
390,256,150,1,1,0.18288,0.2192,0.039936,0.02048,0.2192,22.1976,18,345600
391,256,150,1,1,0.103616,0.14272,0.039936,0.021504,0.14272,22.2434,18,345600
392,256,150,1,1,0.097824,0.13632,0.039936,0.021504,0.13632,22.2356,18,345600
393,256,150,1,1,0.172896,0.194336,0.041984,0.021504,0.194336,22.1118,18,345600
394,256,150,1,1,0.15184,0.185472,0.039936,0.02048,0.185472,22.3649,18,345600
395,256,150,1,1,0.156512,0.1728,0.041984,0.02048,0.1728,22.289,18,345600
396,256,150,1,1,0.169536,0.195392,0.039936,0.021504,0.195392,22.2494,18,345600
397,256,150,1,1,0.163136,0.194656,0.041984,0.02048,0.194656,22.2504,18,345600
398,256,150,1,1,0.218496,0.260544,0.04096,0.021504,0.260544,22.2574,18,345600
399,256,150,1,1,0.19232,0.23008,0.043008,0.021504,0.23008,22.2702,18,345600
400,256,150,1,1,0.176928,0.159936,0.041984,0.022528,0.176928,22.7199,18,345600
401,256,150,1,1,0.207712,0.246976,0.044032,0.022528,0.246976,22.7548,18,345600
402,256,150,1,1,0.187296,0.22832,0.04096,0.021504,0.22832,22.7031,18,345600
403,256,150,1,1,0.162976,0.19536,0.041984,0.022528,0.19536,22.6017,18,345600
404,256,150,1,1,0.207392,0.180192,0.04096,0.022528,0.207392,22.5712,18,345600
405,256,150,1,1,0.159104,0.190592,0.043008,0.022528,0.190592,22.5232,18,345600
406,256,150,1,1,0.159904,0.195072,0.041984,0.022528,0.195072,22.6876,18,345600
407,256,150,1,1,0.15984,0.179552,0.044032,0.021504,0.179552,22.7389,18,345600
408,256,150,1,1,0.19424,0.229344,0.041984,0.022528,0.229344,22.7361,18,345600
409,256,150,1,1,0.1744,0.200032,0.045056,0.022528,0.200032,22.7523,18,345600
410,256,150,1,1,0.356,0.358432,0.043008,0.021504,0.358432,22.8881,18,345600
411,256,150,1,1,0.160864,0.199232,0.044032,0.023552,0.199232,22.8537,18,345600
412,256,150,1,1,0.169344,0.198752,0.044032,0.022528,0.198752,22.8083,18,345600
413,256,150,1,1,0.16656,0.199872,0.044032,0.022528,0.199872,22.7249,18,345600
414,256,150,1,1,0.182208,0.205504,0.043008,0.021504,0.205504,22.6864,18,345600
415,256,150,1,1,0.172928,0.19824,0.043008,0.022528,0.19824,22.6271,18,345600
416,256,150,1,1,0.172416,0.197728,0.041984,0.023552,0.197728,22.6728,18,345600
417,256,150,1,1,0.168512,0.200704,0.045056,0.021504,0.200704,22.693,18,345600
418,256,150,1,1,0.178656,0.220672,0.044032,0.021504,0.220672,22.3974,18,345600
419,256,150,1,1,0.085216,0.136896,0.043008,0.022528,0.136896,22.5403,18,345600
420,256,150,1,1,1.06141,1.02448,0.041984,0.022528,1.06141,22.6099,18,345600
421,256,150,1,1,0.173312,0.20992,0.04608,0.022528,0.20992,22.5919,18,345600
422,256,150,1,1,0.13424,0.079104,0.041984,0.022528,0.13424,22.5376,18,345600
423,256,150,1,1,0.228416,0.178208,0.044032,0.023552,0.228416,22.4552,18,345600
424,256,150,1,1,0.21424,0.253632,0.045056,0.023552,0.253632,22.2083,18,345600
425,256,150,1,1,0.206848,0.247808,0.04608,0.022528,0.247808,22.2347,18,345600
426,256,150,1,1,0.178112,0.206976,0.045056,0.022528,0.206976,22.2538,18,345600
427,256,150,1,1,0.081952,0.12048,0.044032,0.023552,0.12048,22.279,18,345600
428,256,150,1,1,0.117952,0.158144,0.045056,0.022528,0.158144,22.2521,18,345600
429,256,150,1,1,0.189856,0.18144,0.04608,0.023552,0.189856,22.1898,18,345600
430,256,150,1,1,0.1712,0.208704,0.044032,0.023552,0.208704,21.8747,18,345600
431,256,150,1,1,0.088672,0.120512,0.045056,0.022528,0.120512,21.9141,18,345600
432,256,150,1,1,0.132704,0.095328,0.045056,0.022528,0.132704,21.9317,18,345600
433,256,150,1,1,0.190208,0.234656,0.048128,0.027648,0.234656,21.8165,18,345600
434,256,150,1,1,0.173152,0.210496,0.04608,0.023552,0.210496,21.7376,18,345600
435,256,150,1,1,0.128608,0.172576,0.04608,0.023552,0.172576,21.7083,18,345600
436,256,150,1,1,0.113248,0.157824,0.04608,0.023552,0.157824,21.5916,18,345600
437,256,150,1,1,0.08656,0.112448,0.047104,0.023552,0.112448,21.5712,18,345600
438,256,150,1,1,0.213056,0.254976,0.044032,0.024576,0.254976,21.6238,18,345600
439,256,150,1,1,0.096192,0.089408,0.04608,0.024576,0.096192,21.6518,18,345600
440,256,150,1,1,0.109856,0.154368,0.045056,0.023552,0.154368,21.6495,18,345600
441,256,150,1,1,0.12512,0.16624,0.04608,0.023552,0.16624,21.6579,18,345600
442,256,150,1,1,0.17072,0.209024,0.04608,0.023552,0.209024,21.5249,18,345600
443,256,150,1,1,0.259936,0.187936,0.047104,0.024576,0.259936,21.3537,18,345600
444,256,150,1,1,0.099264,0.147264,0.048128,0.024576,0.147264,21.331,18,345600
445,256,150,1,1,0.182432,0.224736,0.049152,0.024576,0.224736,21.354,18,345600
446,256,150,1,1,0.184768,0.210688,0.047104,0.0256,0.210688,21.3765,18,345600
447,256,150,1,1,1.26224,1.29024,0.049152,0.0256,1.29024,21.3761,18,345600
448,256,150,1,1,0.22976,0.277792,0.048128,0.0256,0.277792,21.3241,18,345600
449,256,150,1,1,0.215488,0.192448,0.050176,0.024576,0.215488,21.2258,18,345600
450,256,150,1,1,0.183296,0.224032,0.048128,0.024576,0.224032,21.1526,18,345600
451,256,150,1,1,0.328352,0.375296,0.048128,0.024576,0.375296,21.1386,18,345600
452,256,150,1,1,0.207264,0.18528,0.048128,0.026624,0.207264,21.1319,18,345600
453,256,150,1,1,0.233056,0.222752,0.050176,0.024576,0.233056,21.1497,18,345600
454,256,150,1,1,0.125248,0.172192,0.048128,0.0256,0.172192,21.1651,18,345600
455,256,150,1,1,0.124992,0.167744,0.049152,0.024576,0.167744,21.1396,18,345600
456,256,150,1,1,0.311808,0.359648,0.049152,0.026624,0.359648,21.1061,18,345600
457,256,150,1,1,0.23568,0.281472,0.050176,0.0256,0.281472,21.0374,18,345600
458,256,150,1,1,0.18528,0.229184,0.049152,0.0256,0.229184,21.0235,18,345600
459,256,150,1,1,0.22656,0.263776,0.050176,0.0256,0.263776,21.0197,18,345600
460,256,150,1,1,0.189504,0.229952,0.049152,0.026624,0.229952,20.8834,18,345600
461,256,150,1,1,0.660224,0.708224,0.0512,0.026624,0.708224,20.8838,18,345600
462,256,150,1,1,0.235584,0.218976,0.049152,0.0256,0.235584,20.8894,18,345600
463,256,150,1,1,0.2096,0.220416,0.050176,0.0256,0.220416,20.8373,18,345600
464,256,150,1,1,0.26016,0.293376,0.049152,0.026624,0.293376,20.7559,18,345600
465,256,150,1,1,0.129888,0.180864,0.0512,0.0256,0.180864,20.7061,18,345600
466,256,150,1,1,0.213312,0.23872,0.049152,0.0256,0.23872,20.681,18,345600
467,256,150,1,1,0.237504,0.28608,0.052224,0.0256,0.28608,20.687,18,345600
468,256,150,1,1,0.08992,0.133984,0.0512,0.0256,0.133984,20.6927,18,345600
469,256,150,1,1,0.197248,0.233024,0.052224,0.0256,0.233024,20.7236,18,345600
470,256,150,1,1,0.5952,0.583008,0.050176,0.026624,0.5952,20.6794,18,345600
471,256,150,1,1,0.21632,0.234016,0.052224,0.0256,0.234016,20.5893,18,345600
472,256,150,1,1,0.236256,0.266592,0.0512,0.0256,0.266592,20.5893,18,345600
473,256,150,1,1,0.221312,0.239776,0.052224,0.026624,0.239776,20.5893,18,345600
474,256,150,1,1,0.242912,0.291936,0.0512,0.0256,0.291936,20.592,18,345600
475,256,150,1,1,0.188384,0.231104,0.0512,0.026624,0.231104,20.589,18,345600
476,256,150,1,1,0.195712,0.236448,0.050176,0.026624,0.236448,20.6051,18,345600
477,256,150,1,1,0.199808,0.236384,0.053248,0.0256,0.236384,20.559,18,345600
478,256,150,1,1,0.1904,0.232928,0.0512,0.0256,0.232928,20.5496,18,345600
479,256,150,1,1,0.21872,0.267232,0.0512,0.026624,0.267232,20.5496,18,345600
480,256,150,1,1,0.220256,0.252512,0.0512,0.027648,0.252512,20.5496,18,345600
481,256,150,1,1,0.240736,0.211392,0.054272,0.026624,0.240736,20.5496,18,345600
482,256,150,1,1,0.252608,0.303328,0.0512,0.027648,0.303328,20.5496,18,345600
483,256,150,1,1,0.192704,0.240032,0.053248,0.026624,0.240032,20.578,18,345600
484,256,150,1,1,0.843904,0.798944,0.053248,0.027648,0.843904,20.5262,18,345600
485,256,150,1,1,0.198368,0.239648,0.055296,0.026624,0.239648,20.5262,18,345600
486,256,150,1,1,0.221184,0.252416,0.052224,0.026624,0.252416,20.5262,18,345600
487,256,150,1,1,0.25696,0.309056,0.052224,0.026624,0.309056,20.5262,18,345600
488,256,150,1,1,0.245344,0.22208,0.052224,0.027648,0.245344,20.5262,18,345600
489,256,150,1,1,0.200192,0.243456,0.054272,0.027648,0.243456,20.5262,18,345600
490,256,150,1,1,0.201088,0.24272,0.052224,0.026624,0.24272,20.5262,18,345600
491,256,150,1,1,0.23936,0.243744,0.052224,0.026624,0.243744,20.5262,18,345600
492,256,150,1,1,0.230848,0.257312,0.052224,0.027648,0.257312,20.5262,18,345600
493,256,150,1,1,0.128256,0.18128,0.053248,0.027648,0.18128,20.5262,18,345600
494,256,150,1,1,0.094624,0.097952,0.053248,0.026624,0.097952,20.5262,18,345600
495,256,150,1,1,0.489856,0.538016,0.053248,0.027648,0.538016,20.5262,18,345600
496,256,150,1,1,0.321024,0.373056,0.054272,0.027648,0.373056,20.5262,18,345600
497,256,150,1,1,0.198816,0.246336,0.054272,0.026624,0.246336,20.5262,18,345600
498,256,150,1,1,0.252896,0.229344,0.053248,0.026624,0.252896,20.5262,18,345600
499,256,150,1,1,0.253376,0.304384,0.053248,0.026624,0.304384,20.5262,18,345600
500,256,150,1,1,0.24384,0.259616,0.052224,0.027648,0.259616,20.5262,18,345600
501,256,150,1,1,0.30336,0.252352,0.054272,0.026624,0.30336,20.5262,18,345600
502,256,150,1,1,0.245856,0.296672,0.052224,0.027648,0.296672,20.5262,18,345600
503,256,150,1,1,0.236896,0.286496,0.055296,0.027648,0.286496,20.5262,18,345600
504,256,150,1,1,0.270976,0.323168,0.053248,0.028672,0.323168,20.5262,18,345600
505,256,150,1,1,0.198752,0.247008,0.05632,0.027648,0.247008,20.5262,18,345600
506,256,150,1,1,0.25296,0.301152,0.053248,0.028672,0.301152,20.5262,18,345600
507,256,150,1,1,0.21168,0.245408,0.054272,0.027648,0.245408,20.5262,18,345600
508,256,150,1,1,0.253888,0.307584,0.054272,0.028672,0.307584,20.5262,18,345600
509,256,150,1,1,0.253664,0.301216,0.05632,0.027648,0.301216,20.5262,18,345600
510,256,150,1,1,0.215456,0.224352,0.054272,0.027648,0.224352,20.5262,18,345600
511,256,150,1,1,0.227968,0.222208,0.055296,0.027648,0.227968,20.5262,18,345600
512,256,150,1,1,0.239776,0.282144,0.054272,0.028672,0.282144,20.5262,18,345600
513,256,150,1,1,0.254848,0.30944,0.05632,0.028672,0.30944,20.5262,18,345600
514,256,150,1,1,0.244256,0.285984,0.054272,0.027648,0.285984,20.5262,18,345600
515,256,150,1,1,0.255648,0.242272,0.055296,0.028672,0.255648,20.5262,18,345600
516,256,150,1,1,0.24608,0.240544,0.055296,0.028672,0.24608,20.5262,18,345600
517,256,150,1,1,0.2792,0.245888,0.057344,0.027648,0.2792,20.5262,18,345600
518,256,150,1,1,0.217248,0.161696,0.055296,0.027648,0.217248,20.5262,18,345600
519,256,150,1,1,0.084896,0.129824,0.055296,0.028672,0.129824,20.7089,18,345600
520,256,150,1,1,0.148,0.20272,0.055296,0.028672,0.20272,20.87,18,345600
521,256,150,1,1,0.298624,0.352256,0.057344,0.027648,0.352256,20.87,18,345600
522,256,150,1,1,0.308928,0.363936,0.054272,0.028672,0.363936,21.0342,18,345600
523,256,150,1,1,0.125248,0.179104,0.054272,0.027648,0.179104,21.0051,18,345600
524,256,150,1,1,0.177248,0.232288,0.054272,0.028672,0.232288,21.1669,18,345600
525,256,150,1,1,0.210464,0.254336,0.057344,0.027648,0.254336,21.1669,18,345600
526,256,150,1,1,0.256192,0.301504,0.05632,0.028672,0.301504,21.2698,18,345600
527,256,150,1,1,0.261024,0.316,0.057344,0.029696,0.316,21.2588,18,345600
528,256,150,1,1,0.102048,0.147744,0.058368,0.028672,0.147744,21.454,18,345600
529,256,150,1,1,0.086176,0.134496,0.058368,0.029696,0.134496,21.453,18,345600
530,256,150,1,1,0.265664,0.3024,0.057344,0.029696,0.3024,21.5789,18,345600
531,256,150,1,1,0.24176,0.275584,0.057344,0.028672,0.275584,21.5928,18,345600
532,256,150,1,1,0.258432,0.312192,0.05632,0.029696,0.312192,21.6549,18,345600
533,256,150,1,1,0.214144,0.262304,0.057344,0.029696,0.262304,21.6428,18,345600
534,256,150,1,1,0.217664,0.261888,0.05632,0.028672,0.261888,21.7524,18,345600
535,256,150,1,1,0.26496,0.319968,0.057344,0.029696,0.319968,21.7107,18,345600
536,256,150,1,1,0.252992,0.245792,0.057344,0.029696,0.252992,21.7439,18,345600
537,256,150,1,1,0.215616,0.263456,0.058368,0.028672,0.263456,21.7425,18,345600
538,256,150,1,1,0.124384,0.179456,0.057344,0.028672,0.179456,21.7922,18,345600
539,256,150,1,1,0.130112,0.185152,0.060416,0.029696,0.185152,21.7489,18,345600
540,256,150,1,1,0.24304,0.262336,0.058368,0.029696,0.262336,21.7898,18,345600
541,256,150,1,1,0.28512,0.299296,0.060416,0.028672,0.299296,21.7849,18,345600
542,256,150,1,1,0.105856,0.125664,0.059392,0.03072,0.125664,21.7777,18,345600
543,256,150,1,1,0.23024,0.23376,0.059392,0.029696,0.23376,21.7777,18,345600
544,256,150,1,1,0.84128,0.89872,0.059392,0.03072,0.89872,21.7498,18,345600
545,256,150,1,1,0.229568,0.283328,0.059392,0.029696,0.283328,21.8029,18,345600
546,256,150,1,1,0.261056,0.317248,0.058368,0.029696,0.317248,21.7454,18,345600
547,256,150,1,1,0.242336,0.300416,0.059392,0.029696,0.300416,21.7371,18,345600
548,256,150,1,1,0.24128,0.28912,0.058368,0.029696,0.28912,21.6063,18,345600
549,256,150,1,1,0.272,0.328992,0.059392,0.029696,0.328992,21.6063,18,345600
550,256,150,1,1,0.216064,0.266336,0.058368,0.029696,0.266336,21.6063,18,345600
551,256,150,1,1,0.114304,0.151392,0.060416,0.03072,0.151392,21.6063,18,345600
552,256,150,1,1,0.136032,0.195072,0.059392,0.029696,0.195072,21.6063,18.2053,345600
553,256,150,1,1,0.137728,0.19536,0.06144,0.029696,0.19536,21.6063,18.2053,345600
554,256,150,1,1,0.235392,0.294016,0.060416,0.03072,0.294016,21.6063,18.2053,345600
555,256,150,1,1,0.223456,0.275936,0.059392,0.03072,0.275936,21.6063,18.2053,345600
556,256,150,1,1,0.106112,0.153952,0.059392,0.03072,0.153952,21.6063,18.2053,345600
557,256,150,1,1,0.1008,0.153568,0.060416,0.03072,0.153568,21.6063,18.2053,345600
558,256,150,1,1,0.78864,0.771072,0.059392,0.029696,0.78864,21.6063,18.2053,345600
559,256,150,1,1,0.251232,0.306752,0.060416,0.03072,0.306752,21.6063,18.2053,345600
560,256,150,1,1,0.102272,0.149984,0.059392,0.03072,0.149984,21.6063,18.2053,345600
561,256,150,1,1,0.154304,0.21296,0.063488,0.031744,0.21296,21.6063,18.2053,345600
562,256,150,1,1,0.101056,0.155136,0.103424,0.032768,0.155136,21.6063,18.2053,345600
563,256,150,1,1,4.15581,4.22362,0.064512,0.032768,4.22362,21.6063,18.2053,345600
564,256,150,1,1,0.274592,0.3352,0.06144,0.032768,0.3352,21.6063,18.2053,345600
565,256,150,1,1,0.146944,0.207584,0.06144,0.031744,0.207584,21.6063,18.2053,345600
566,256,150,1,1,0.146304,0.204992,0.06144,0.031744,0.204992,21.6063,18.2053,345600
567,256,150,1,1,4.83955,4.9032,0.062464,0.031744,4.9032,21.6063,18.2053,345600
568,256,150,1,1,0.337312,0.40128,0.06144,0.032768,0.40128,21.6063,18.2053,345600
569,256,150,1,1,0.281568,0.343136,0.063488,0.032768,0.343136,21.6063,18.2053,345600
570,256,150,1,1,0.133056,0.193824,0.062464,0.033792,0.193824,21.6063,18.2053,345600
571,256,150,1,1,0.128064,0.188736,0.06144,0.033792,0.188736,21.6063,18.2053,345600
572,256,150,1,1,2.67952,2.74522,0.062464,0.032768,2.74522,21.6063,18.2053,345600
573,256,150,1,1,0.376672,0.437312,0.064512,0.031744,0.437312,21.6063,18.2053,345600
574,256,150,1,1,0.14032,0.197376,0.057344,0.029696,0.197376,21.6063,18.2053,345600
575,256,150,1,1,0.140128,0.196128,0.058368,0.028672,0.196128,21.6063,18.2053,345600
576,256,150,1,1,0.22432,0.253728,0.057344,0.029696,0.253728,21.6063,18.2053,345600
577,256,150,1,1,0.213952,0.264,0.059392,0.029696,0.264,21.6063,18.2053,345600
578,256,150,1,1,0.237184,0.26592,0.057344,0.029696,0.26592,21.6063,18.2053,345600
579,256,150,1,1,0.236512,0.253024,0.058368,0.029696,0.253024,21.6063,18.2053,345600
580,256,150,1,1,0.138336,0.195232,0.058368,0.029696,0.195232,21.6063,18.2053,345600
581,256,150,1,1,0.211328,0.261792,0.059392,0.03072,0.261792,21.6063,18.2053,345600
582,256,150,1,1,0.252416,0.2656,0.057344,0.029696,0.2656,21.6063,18.2053,345600
583,256,150,1,1,0.138592,0.195584,0.058368,0.029696,0.195584,21.6063,18.2053,345600
584,256,150,1,1,0.095456,0.143616,0.058368,0.028672,0.143616,21.6063,18.2053,345600
585,256,150,1,1,0.244768,0.299328,0.058368,0.028672,0.299328,21.6063,18.2053,345600
586,256,150,1,1,0.266976,0.291456,0.057344,0.028672,0.291456,21.6063,18.2053,345600
587,256,150,1,1,0.129728,0.185792,0.059392,0.029696,0.185792,21.6063,18.2053,345600
588,256,150,1,1,0.134976,0.192032,0.058368,0.029696,0.192032,21.6063,18.2053,345600
589,256,150,1,1,0.108672,0.108896,0.058368,0.029696,0.108896,21.6063,18.2053,345600
590,256,150,1,1,0.245984,0.289312,0.057344,0.029696,0.289312,21.6063,18.2053,345600
591,256,150,1,1,0.249952,0.306944,0.057344,0.029696,0.306944,21.6063,18.2053,345600
592,256,150,1,1,0.130688,0.106368,0.058368,0.028672,0.130688,21.6063,18.2053,345600
593,256,150,1,1,0.133504,0.19056,0.057344,0.028672,0.19056,21.6063,18.2053,345600
594,256,150,1,1,0.245312,0.302304,0.058368,0.029696,0.302304,21.6063,18.2053,345600
595,256,150,1,1,0.252416,0.22592,0.058368,0.029696,0.252416,21.6063,18.2053,345600
596,256,150,1,1,0.102208,0.146464,0.058368,0.029696,0.146464,21.6063,18.2053,345600
597,256,150,1,1,0.1816,0.126272,0.057344,0.028672,0.1816,21.6063,18.2053,345600
598,256,150,1,1,1.41123,1.46829,0.057344,0.029696,1.46829,21.6063,18.2053,345600
599,256,150,1,1,0.27984,0.2616,0.058368,0.029696,0.27984,21.6063,18.2053,345600
600,256,150,1,1,0.233504,0.276064,0.057344,0.029696,0.276064,21.6063,18.2053,345600
601,256,150,1,1,0.137664,0.194688,0.065536,0.029696,0.194688,21.6063,18.2053,345600
602,256,150,1,1,0.144224,0.199584,0.057344,0.028672,0.199584,21.6063,18.2053,345600
603,256,150,1,1,1.32016,1.36214,0.058368,0.029696,1.36214,21.6063,18.2053,345600
604,256,150,1,1,0.180512,0.235968,0.057344,0.029696,0.235968,21.6063,18.2053,345600
605,256,150,1,1,0.218688,0.266816,0.058368,0.029696,0.266816,21.6063,18.2053,345600
606,256,150,1,1,0.247552,0.224448,0.058368,0.029696,0.247552,21.6063,18.2053,345600
607,256,150,1,1,0.215712,0.264192,0.057344,0.029696,0.264192,21.6063,18.2053,345600
608,256,150,1,1,0.224576,0.264288,0.05632,0.03072,0.264288,21.6063,18.2053,345600
609,256,150,1,1,0.273024,0.330496,0.058368,0.029696,0.330496,21.6063,18.2053,345600
610,256,150,1,1,0.122976,0.18064,0.057344,0.028672,0.18064,21.6063,18.2053,345600
611,256,150,1,1,0.135968,0.192224,0.057344,0.029696,0.192224,21.6063,18.2053,345600
612,256,150,1,1,0.266752,0.303008,0.057344,0.03072,0.303008,21.6063,18.2053,345600
613,256,150,1,1,0.32432,0.21824,0.059392,0.029696,0.32432,21.6063,18.2053,345600
614,256,150,1,1,0.110144,0.135456,0.05632,0.029696,0.135456,21.6063,18.2053,345600
615,256,150,1,1,0.091488,0.141216,0.058368,0.028672,0.141216,21.6063,18.2053,345600
616,256,150,1,1,0.346688,0.389792,0.057344,0.029696,0.389792,21.6063,18.2053,345600
617,256,150,1,1,0.221312,0.237088,0.058368,0.029696,0.237088,21.6063,18.2053,345600
618,256,150,1,1,0.124064,0.178656,0.058368,0.029696,0.178656,21.6063,18.2053,345600
619,256,150,1,1,0.140512,0.198592,0.058368,0.029696,0.198592,21.6063,18.2053,345600
620,256,150,1,1,0.134656,0.124768,0.057344,0.029696,0.134656,21.6063,18.2053,345600
621,256,150,1,1,1.02707,0.957376,0.058368,0.028672,1.02707,21.6063,18.2053,345600
622,256,150,1,1,0.22064,0.267904,0.05632,0.029696,0.267904,21.6063,18.2053,345600
623,256,150,1,1,0.111072,0.149472,0.057344,0.033792,0.149472,21.6063,18.2053,345600
624,256,150,1,1,0.122464,0.179552,0.059392,0.028672,0.179552,21.6063,18.2053,345600
625,256,150,1,1,0.215072,0.26192,0.060416,0.029696,0.26192,21.6063,18.2053,345600
626,256,150,1,1,0.329056,0.3872,0.058368,0.029696,0.3872,21.6063,18.2053,345600
627,256,150,1,1,0.132704,0.189696,0.058368,0.029696,0.189696,21.6063,18.2053,345600
628,256,150,1,1,0.102816,0.114784,0.057344,0.029696,0.114784,21.6063,18.2053,345600
629,256,150,1,1,0.138816,0.195744,0.058368,0.028672,0.195744,21.6063,18.2053,345600
630,256,150,1,1,0.247424,0.30336,0.057344,0.029696,0.30336,21.6063,18.2053,345600
631,256,150,1,1,0.109664,0.15696,0.058368,0.029696,0.15696,21.6063,18.2053,345600
632,256,150,1,1,0.08784,0.134496,0.058368,0.028672,0.134496,21.6063,18.2053,345600
633,256,150,1,1,0.127584,0.183584,0.057344,0.028672,0.183584,21.6063,18.2053,345600
634,256,150,1,1,0.211456,0.259616,0.057344,0.029696,0.259616,21.6063,18.2053,345600
635,256,150,1,1,0.28384,0.340896,0.058368,0.029696,0.340896,21.6063,18.2053,345600
636,256,150,1,1,0.138176,0.195136,0.058368,0.029696,0.195136,21.6063,18.2053,345600
637,256,150,1,1,0.128032,0.13184,0.057344,0.029696,0.13184,21.6063,18.2053,345600
638,256,150,1,1,1.35005,1.4071,0.057344,0.029696,1.4071,21.6063,18.2053,345600
639,256,150,1,1,0.257664,0.312864,0.057344,0.028672,0.312864,21.6063,18.2053,345600
640,256,150,1,1,0.352544,0.408512,0.057344,0.029696,0.408512,21.6063,18.2053,345600
641,256,150,1,1,0.21936,0.265888,0.059392,0.028672,0.265888,21.6063,18.2053,345600
642,256,150,1,1,0.285248,0.236448,0.05632,0.029696,0.285248,21.6063,18.2053,345600
643,256,150,1,1,0.278336,0.32976,0.058368,0.028672,0.32976,21.8111,18.2053,345600
644,256,150,1,1,0.241024,0.295328,0.058368,0.03072,0.295328,21.8111,18.2053,345600
645,256,150,1,1,0.2872,0.326144,0.058368,0.028672,0.326144,21.9133,18.2053,345600
646,256,150,1,1,0.24528,0.2632,0.057344,0.028672,0.2632,21.9585,18.2053,345600
647,256,150,1,1,0.82432,0.879328,0.058368,0.028672,0.879328,22.0001,18.2053,345600
648,256,150,1,1,0.2424,0.2632,0.05632,0.03072,0.2632,22.0149,18.2053,345600
649,256,150,1,1,0.227872,0.247072,0.059392,0.029696,0.247072,22.0632,18.2053,345600
650,256,150,1,1,0.216704,0.263968,0.058368,0.028672,0.263968,22.09,18.2053,345600
651,256,150,1,1,0.264224,0.320544,0.058368,0.028672,0.320544,22.09,18.2053,345600
652,256,150,1,1,0.220064,0.172224,0.058368,0.03072,0.220064,22.09,18.2053,345600
653,256,150,1,1,0.234816,0.237568,0.060416,0.029696,0.237568,22.1062,18.2053,345600
654,256,150,1,1,0.239456,0.245696,0.057344,0.029696,0.245696,22.1362,18.2053,345600
655,256,150,1,1,0.28016,0.337664,0.05632,0.029696,0.337664,22.1482,18.2053,345600
656,256,150,1,1,0.285216,0.308256,0.057344,0.03072,0.308256,22.1509,18.2053,345600
657,256,150,1,1,0.210688,0.261376,0.058368,0.029696,0.261376,22.4349,18.2053,345600
658,256,150,1,1,0.249376,0.305536,0.057344,0.028672,0.305536,22.3875,18.2053,345600
659,256,150,1,1,0.232672,0.242752,0.058368,0.028672,0.242752,22.5911,18.2053,345600
660,256,150,1,1,0.282208,0.217888,0.054272,0.03072,0.282208,22.6221,18.2053,345600
661,256,150,1,1,0.52864,0.570112,0.059392,0.028672,0.570112,22.6221,18.2053,345600
662,256,150,1,1,0.290208,0.222752,0.058368,0.029696,0.290208,22.6221,18.2053,345600
663,256,150,1,1,1.76531,1.76086,0.058368,0.029696,1.76531,22.4887,18.2374,345600
664,256,150,1,1,1.27094,1.31802,0.057344,0.029696,1.31802,22.594,18.2095,345600
665,256,150,1,1,0.260032,0.315008,0.059392,0.028672,0.315008,22.4794,18.2453,345600
666,256,150,1,1,0.231136,0.239232,0.05632,0.029696,0.239232,22.5094,18.2411,345600
667,256,150,1,1,0.307872,0.350272,0.058368,0.028672,0.350272,22.282,18.5241,345600
668,256,150,1,1,0.270592,0.31616,0.057344,0.029696,0.31616,22.3013,18.4606,345600
669,256,150,1,1,0.267488,0.25072,0.059392,0.028672,0.267488,21.4934,18.8358,345600
670,256,150,1,1,0.21392,0.248448,0.057344,0.029696,0.248448,21.7829,18.8416,345600
671,256,150,1,1,0.243008,0.248832,0.058368,0.029696,0.248832,21.7829,18.8416,345600
672,256,150,1,1,0.274304,0.240736,0.057344,0.029696,0.274304,21.7829,18.8416,345600
673,256,150,1,1,0.222272,0.26672,0.059392,0.029696,0.26672,21.1459,19.2147,345600
674,256,150,1,1,0.267136,0.324096,0.058368,0.029696,0.324096,21.2665,19.1753,345600
675,256,150,1,1,0.239776,0.221824,0.057344,0.029696,0.239776,20.413,18.8341,345600
676,256,150,1,1,0.365312,0.416992,0.057344,0.029696,0.416992,20.4766,18.8341,345600
677,256,150,1,1,0.249856,0.305856,0.059392,0.028672,0.305856,19.8967,18.2167,345600
678,256,150,1,1,0.224608,0.266816,0.057344,0.029696,0.266816,19.7658,18.4101,345600
679,256,150,1,1,0.247072,0.305824,0.06144,0.031744,0.305824,20.0282,18.6901,345600
680,256,150,1,1,1.71862,1.77946,0.060416,0.032768,1.77946,19.9533,18.6901,345600
681,256,150,1,1,0.25712,0.316928,0.063488,0.03072,0.316928,19.9533,18.6901,345600
682,256,150,1,1,0.294784,0.321024,0.060416,0.03072,0.321024,19.3042,18,345600
683,256,150,1,1,0.278976,0.337664,0.060416,0.031744,0.337664,19.3042,18,345600
684,256,150,1,1,0.254496,0.315392,0.06144,0.031744,0.315392,19.3042,18,345600
685,256,150,1,1,0.246816,0.306688,0.063488,0.031744,0.306688,19.3042,18,345600
686,256,150,1,1,0.258816,0.320672,0.060416,0.03072,0.320672,19.3042,18,345600
687,256,150,1,1,0.133984,0.194912,0.060416,0.03072,0.194912,19.3042,18,345600
688,256,150,1,1,0.265024,0.324896,0.06144,0.031744,0.324896,19.3042,18,345600
689,256,150,1,1,0.256192,0.258464,0.063488,0.031744,0.258464,19.3042,18,345600
690,256,150,1,1,0.254048,0.313696,0.06144,0.031744,0.313696,19.3042,18,345600
691,256,150,1,1,0.307424,0.366272,0.062464,0.031744,0.366272,19.3042,18,345600
692,256,150,1,1,0.286848,0.345312,0.060416,0.031744,0.345312,19.3042,18,345600
693,256,150,1,1,0.25136,0.311712,0.063488,0.03072,0.311712,19.3042,18,345600
694,256,150,1,1,0.247264,0.305984,0.060416,0.031744,0.305984,19.3042,18,345600
695,256,150,1,1,0.256896,0.31792,0.06144,0.03072,0.31792,19.3042,18,345600
696,256,150,1,1,0.253184,0.259968,0.06144,0.031744,0.259968,19.3042,18,345600
697,256,150,1,1,0.299616,0.35952,0.062464,0.03072,0.35952,19.3042,18,345600
698,256,150,1,1,0.261408,0.322272,0.06144,0.03072,0.322272,19.3042,18,345600
699,256,150,1,1,0.224736,0.278592,0.06144,0.031744,0.278592,19.3042,18,345600
700,256,150,1,1,0.895136,0.956128,0.059392,0.031744,0.956128,19.3042,18,345600
701,256,150,1,1,0.249248,0.259488,0.062464,0.031744,0.259488,19.3042,18,345600
702,256,150,1,1,0.241536,0.226912,0.057344,0.028672,0.241536,19.3042,18,345600
703,256,150,1,1,0.235392,0.246368,0.05632,0.028672,0.246368,19.3042,18,345600
704,256,150,1,1,0.2912,0.344864,0.057344,0.029696,0.344864,19.3042,18,345600
705,256,150,1,1,1.15482,1.1919,0.057344,0.028672,1.1919,19.3042,18,345600
706,256,150,1,1,0.292256,0.377504,0.068608,0.03072,0.377504,18,18,345600
707,256,150,1,1,0.239776,0.139616,0.064512,0.03072,0.239776,18,18,345600
708,256,150,1,1,0.168928,0.259904,0.068608,0.03072,0.259904,18,18,345600
709,256,150,1,1,0.089728,0.137344,0.058368,0.028672,0.137344,18.3,18,345600
710,256,150,1,1,0.307904,0.362272,0.05632,0.028672,0.362272,18.3,18,345600
711,256,150,1,1,0.257536,0.313568,0.055296,0.029696,0.313568,18.3,18,345600
712,256,150,1,1,0.119168,0.175072,0.057344,0.028672,0.175072,18.3,18,345600
713,256,150,1,1,0.126816,0.180768,0.058368,0.028672,0.180768,22.1941,18,345600
714,256,150,1,1,0.226656,0.28368,0.057344,0.028672,0.28368,22.1941,18,345600
715,256,150,1,1,0.21936,0.264512,0.058368,0.028672,0.264512,24.6648,18,345600
716,256,150,1,1,0.104096,0.102464,0.057344,0.028672,0.104096,24.6648,18,345600
717,256,150,1,1,0.146368,0.2024,0.058368,0.029696,0.2024,26.3186,18,345600
718,256,150,1,1,0.156992,0.213024,0.057344,0.029696,0.213024,26.3186,18,345600
719,256,150,1,1,0.311808,0.366112,0.058368,0.028672,0.366112,27.9937,18,345600
720,256,150,1,1,0.280192,0.335072,0.058368,0.029696,0.335072,27.9937,18,345600
721,256,150,1,1,0.120928,0.146016,0.058368,0.028672,0.146016,27.9937,18,345600
722,256,150,1,1,0.263424,0.250656,0.057344,0.029696,0.263424,27.9937,18,345600
723,256,150,1,1,0.600768,0.655712,0.058368,0.028672,0.655712,28.9563,18,345600
724,256,150,1,1,0.244128,0.301152,0.058368,0.029696,0.301152,28.9563,18,345600
725,256,150,1,1,0.249536,0.247456,0.059392,0.028672,0.249536,28.9563,18,345600
726,256,150,1,1,0.293056,0.329632,0.057344,0.028672,0.329632,28.9563,18,345600
727,256,150,1,1,0.210656,0.260576,0.059392,0.028672,0.260576,28.9563,18,345600
728,256,150,1,1,0.102944,0.100192,0.057344,0.029696,0.102944,28.9563,18,345600
729,256,150,1,1,0.22288,0.257536,0.058368,0.029696,0.257536,28.1369,18,345600
730,256,150,1,1,0.223264,0.26688,0.058368,0.028672,0.26688,28.1369,18,345600
731,256,150,1,1,0.264672,0.249216,0.058368,0.029696,0.264672,28.1369,18,345600
732,256,150,1,1,0.263328,0.315264,0.058368,0.029696,0.315264,28.1369,18,345600
733,256,150,1,1,0.105312,0.148928,0.059392,0.029696,0.148928,28.1369,18,345600
734,256,150,1,1,0.236096,0.238144,0.057344,0.028672,0.238144,28.1369,18,345600
735,256,150,1,1,0.230752,0.263808,0.058368,0.028672,0.263808,27.9937,18,345600
736,256,150,1,1,0.259904,0.316352,0.058368,0.029696,0.316352,27.9937,18,345600
737,256,150,1,1,0.225408,0.264416,0.059392,0.029696,0.264416,27.9937,18,345600
738,256,150,1,1,0.256672,0.312672,0.057344,0.028672,0.312672,27.9937,18,345600
739,256,150,1,1,0.216896,0.25872,0.059392,0.028672,0.25872,27.9937,18,345600
740,256,150,1,1,0.263904,0.280896,0.058368,0.028672,0.280896,27.9937,18,345600
741,256,150,1,1,0.29616,0.243104,0.060416,0.028672,0.29616,28.9563,18,345600
742,256,150,1,1,0.141984,0.19776,0.058368,0.029696,0.19776,28.9563,18,345600
743,256,150,1,1,0.253504,0.306208,0.057344,0.028672,0.306208,28.9563,18,345600
744,256,150,1,1,0.20976,0.256064,0.057344,0.029696,0.256064,28.9563,18,345600
745,256,150,1,1,0.241024,0.297856,0.059392,0.028672,0.297856,28.9563,18,345600
746,256,150,1,1,0.256832,0.296576,0.057344,0.028672,0.296576,29.0645,18,345600
747,256,150,1,1,0.264768,0.299904,0.058368,0.029696,0.299904,28.2746,18,345600
748,256,150,1,1,0.21472,0.263424,0.058368,0.029696,0.263424,28.2499,18,345600
749,256,150,1,1,0.292,0.287168,0.058368,0.028672,0.292,27.0421,18,345600
750,256,150,1,1,0.25664,0.300704,0.058368,0.028672,0.300704,26.9591,18,345600
751,256,150,1,1,0.23504,0.269152,0.058368,0.029696,0.269152,26.5745,18,345600
752,256,150,1,1,0.13296,0.188992,0.057344,0.028672,0.188992,26.6539,18,345600
753,256,150,1,1,0.1456,0.201568,0.059392,0.028672,0.201568,26.7093,18,345600
754,256,150,1,1,0.243232,0.264,0.058368,0.029696,0.264,26.9866,18,345600
755,256,150,1,1,0.255072,0.204832,0.059392,0.028672,0.255072,27.0093,18,345600
756,256,150,1,1,0.2248,0.263872,0.05632,0.029696,0.263872,18.3,18,345600
757,256,150,1,1,0.244896,0.234368,0.058368,0.028672,0.244896,18.3,18,345600
758,256,150,1,1,0.26288,0.250656,0.055296,0.028672,0.26288,18.3,18,345600
759,256,150,1,1,0.240864,0.212928,0.057344,0.028672,0.240864,18.3,18,345600
760,256,150,1,1,1.05869,1.10547,0.055296,0.03072,1.10547,18.3,18,345600
761,256,150,1,1,0.241312,0.27168,0.059392,0.029696,0.27168,29.3672,18,345600
762,256,150,1,1,0.272832,0.327744,0.058368,0.028672,0.327744,31.5446,18,345600
763,256,150,1,1,0.310432,0.20304,0.060416,0.028672,0.310432,39.1426,18,345600
764,256,150,1,1,0.260096,0.316768,0.060416,0.029696,0.316768,41.3146,18,345600
765,256,150,1,1,0.21296,0.259904,0.062464,0.028672,0.259904,46.5199,18,345600
766,256,150,1,1,0.238176,0.2664,0.06144,0.029696,0.2664,47.4145,18,345600
767,256,150,1,1,0.266528,0.313184,0.06144,0.028672,0.313184,51.6421,18,345600
768,256,150,1,1,0.308832,0.33904,0.060416,0.029696,0.33904,51.2772,18,345600
769,256,150,1,1,0.282624,0.33408,0.064512,0.028672,0.33408,51.3305,18,345600
770,256,150,1,1,0.24208,0.297632,0.06144,0.029696,0.297632,51.3379,18,345600
771,256,150,1,1,0.216288,0.262176,0.062464,0.028672,0.262176,51.2435,18,345600
772,256,150,1,1,0.21568,0.230848,0.06144,0.028672,0.230848,51.1786,18,345600
773,256,150,1,1,0.271424,0.322752,0.063488,0.029696,0.322752,51.1203,18,345600
774,256,150,1,1,0.328256,0.23248,0.06144,0.029696,0.328256,51.0873,18,345600
775,256,150,1,1,0.225888,0.217856,0.063488,0.028672,0.225888,51.0946,18,345600
776,256,150,1,1,0.221856,0.231968,0.060416,0.029696,0.231968,51.1112,18,345600
777,256,150,1,1,1.94458,1.85875,0.063488,0.03072,1.94458,51.1678,18,345600
778,256,150,1,1,0.256128,0.247712,0.060416,0.028672,0.256128,51.1784,18,345600
779,256,150,1,1,0.221376,0.21168,0.062464,0.029696,0.221376,51.1687,18,345600
780,256,150,1,1,0.218944,0.259296,0.060416,0.029696,0.259296,51.192,18,345600
781,256,150,1,1,0.216992,0.264832,0.063488,0.029696,0.264832,51.1583,18,345600
782,256,150,1,1,0.211904,0.258176,0.060416,0.029696,0.258176,51.1315,18,345600
783,256,150,1,1,0.260192,0.24896,0.06144,0.029696,0.260192,51.1041,18,345600
784,256,150,1,1,0.266752,0.291008,0.060416,0.029696,0.291008,51.0873,18,345600
785,256,150,1,1,0.43568,0.485824,0.063488,0.028672,0.485824,51.1278,18,345600
786,256,150,1,1,0.276,0.276992,0.06144,0.029696,0.276992,51.1511,18,345600
787,256,150,1,1,0.224416,0.272416,0.062464,0.028672,0.272416,51.1543,18,345600
788,256,150,1,1,0.116768,0.15344,0.062464,0.028672,0.15344,51.1167,18,345600
789,256,150,1,1,0.145952,0.202976,0.06144,0.029696,0.202976,51.1149,18,345600
790,256,150,1,1,0.107328,0.139808,0.06144,0.028672,0.139808,51.1366,18,345600
791,256,150,1,1,0.912992,0.967104,0.060416,0.028672,0.967104,51.2037,18,345600
792,256,150,1,1,0.21872,0.264512,0.06144,0.029696,0.264512,51.2625,18,345600
793,256,150,1,1,0.211872,0.261952,0.062464,0.029696,0.261952,51.2489,18,345600
794,256,150,1,1,0.23584,0.246656,0.060416,0.028672,0.246656,51.2706,18,345600
795,256,150,1,1,0.265568,0.24112,0.062464,0.029696,0.265568,51.2897,18,345600
796,256,150,1,1,0.268,0.294048,0.06144,0.029696,0.294048,51.224,18,345600
797,256,150,1,1,0.248928,0.305024,0.063488,0.028672,0.305024,51.1486,18,345600
798,256,150,1,1,0.219328,0.240128,0.06144,0.028672,0.240128,51.1285,18,345600
799,256,150,1,1,0.230048,0.242592,0.06144,0.028672,0.242592,51.0816,18,345600
800,256,150,1,1,0.218208,0.262912,0.06144,0.029696,0.262912,51.1032,18,345600
801,256,150,1,1,0.272608,0.27536,0.063488,0.028672,0.27536,51.1741,18,345600
802,256,150,1,1,0.285728,0.298464,0.060416,0.028672,0.298464,51.2235,18,345600
803,256,150,1,1,0.1048,0.149536,0.06144,0.028672,0.149536,51.2487,18,345600
804,256,150,1,1,0.317632,0.372608,0.062464,0.029696,0.372608,51.2535,18,345600
805,256,150,1,1,0.249664,0.305664,0.062464,0.028672,0.305664,51.2705,18,345600
806,256,150,1,1,0.23872,0.232928,0.06144,0.028672,0.23872,51.2504,18,345600
807,256,150,1,1,0.225056,0.27616,0.062464,0.029696,0.27616,51.2476,18,345600
808,256,150,1,1,0.534688,0.576032,0.060416,0.029696,0.576032,51.2429,18,345600
809,256,150,1,1,0.29504,0.35408,0.065536,0.03072,0.35408,51.2559,18,345600
810,256,150,1,1,0.285216,0.241376,0.063488,0.029696,0.285216,51.299,18,345600
811,256,150,1,1,0.721536,0.7464,0.063488,0.029696,0.7464,51.2836,18,345600
812,256,150,1,1,0.23808,0.286976,0.064512,0.03072,0.286976,51.3157,18,345600
813,256,150,1,1,0.242496,0.252224,0.06656,0.03072,0.252224,51.3863,18,345600
814,256,150,1,1,0.270112,0.328544,0.062464,0.029696,0.328544,51.3772,18,345600
815,256,150,1,1,0.268416,0.314368,0.065536,0.03072,0.314368,51.4174,18,345600
816,256,150,1,1,0.221312,0.220768,0.065536,0.03072,0.221312,51.4884,18,345600
817,256,150,1,1,0.23136,0.277952,0.064512,0.029696,0.277952,51.533,18,345600
818,256,150,1,1,0.104096,0.116,0.063488,0.03072,0.116,51.5375,18,345600
819,256,150,1,1,0.29936,0.359424,0.065536,0.03072,0.359424,51.4654,18,345600
820,256,150,1,1,0.237504,0.260192,0.063488,0.03072,0.260192,51.4966,18,345600
821,256,150,1,1,0.353504,0.240704,0.067584,0.03072,0.353504,51.515,18,345600
822,256,150,1,1,0.306336,0.261376,0.065536,0.03072,0.306336,51.5473,18,345600
823,256,150,1,1,0.242784,0.28448,0.06656,0.03072,0.28448,51.5788,18,345600
824,256,150,1,1,0.264832,0.318496,0.065536,0.031744,0.318496,51.5611,18,345600
825,256,150,1,1,0.25056,0.289856,0.067584,0.03072,0.289856,51.559,18,345600
826,256,150,1,1,0.228256,0.273888,0.065536,0.03072,0.273888,51.6184,18,345600
827,256,150,1,1,0.224096,0.275808,0.064512,0.029696,0.275808,51.6749,18,345600
828,256,150,1,1,0.29552,0.354048,0.065536,0.031744,0.354048,51.6776,18,345600
829,256,150,1,1,0.221632,0.275616,0.06656,0.03072,0.275616,51.6881,18,345600
830,256,150,1,1,0.252448,0.3104,0.065536,0.029696,0.3104,51.7142,18,345600
831,256,150,1,1,0.260128,0.31728,0.06656,0.03072,0.31728,51.6866,18,345600
832,256,150,1,1,0.279072,0.330112,0.06656,0.031744,0.330112,51.6371,18,345600
833,256,150,1,1,0.312608,0.313984,0.067584,0.031744,0.313984,35.2757,18,345600
834,256,150,1,1,0.314464,0.380192,0.064512,0.031744,0.380192,31.8311,18,345600
835,256,150,1,1,0.251488,0.296256,0.065536,0.031744,0.296256,31.8311,18,345600
836,256,150,1,1,4.40317,4.46883,0.065536,0.032768,4.46883,31.8311,18,345600
837,256,150,1,1,0.262848,0.273312,0.067584,0.031744,0.273312,31.8311,18,345600
838,256,150,1,1,3.55558,3.60714,0.065536,0.031744,3.60714,31.8311,18,345600
839,256,150,1,1,0.287648,0.353408,0.06656,0.031744,0.353408,31.8311,18,345600
840,256,150,1,1,0.562848,0.627488,0.064512,0.032768,0.627488,31.8311,18,345600
841,256,150,1,1,0.292896,0.308384,0.069632,0.032768,0.308384,31.8841,18,345600
842,256,150,1,1,0.277664,0.3424,0.064512,0.031744,0.3424,31.8841,18,345600
843,256,150,1,1,2.21661,2.2855,0.067584,0.031744,2.2855,31.8841,18,345600
844,256,150,1,1,0.203104,0.200832,0.048128,0.024576,0.203104,31.8841,18,345600
845,256,150,1,1,0.220544,0.26768,0.050176,0.023552,0.26768,31.8841,18,345600
846,256,150,1,1,0.218048,0.267328,0.049152,0.023552,0.267328,31.8841,18,345600
847,256,150,1,1,0.181088,0.207328,0.050176,0.023552,0.207328,31.8841,18,345600
848,256,150,1,1,0.210016,0.258144,0.048128,0.024576,0.258144,31.8309,18,345600
849,256,150,1,1,0.224384,0.241024,0.0512,0.023552,0.241024,31.937,18,345600
850,256,150,1,1,0.20592,0.196384,0.049152,0.023552,0.20592,31.937,18,345600
851,256,150,1,1,0.17936,0.218112,0.049152,0.023552,0.218112,31.937,18,345600
852,256,150,1,1,0.222432,0.228704,0.049152,0.024576,0.228704,31.937,18,345600
853,256,150,1,1,1.55894,1.55446,0.0512,0.024576,1.55894,31.937,18,345600
854,256,150,1,1,0.223424,0.199456,0.049152,0.023552,0.223424,31.937,18,345600
855,256,150,1,1,0.238176,0.281248,0.049152,0.024576,0.281248,31.8777,18,345600
856,256,150,1,1,0.14272,0.192576,0.048128,0.023552,0.192576,31.8777,18,345600
857,256,150,1,1,0.239904,0.274976,0.050176,0.023552,0.274976,31.9662,18,345600
858,256,150,1,1,0.178784,0.220896,0.049152,0.023552,0.220896,31.9662,18,345600
859,256,150,1,1,0.103616,0.132448,0.050176,0.023552,0.132448,31.9662,18,345600
860,256,150,1,1,0.254688,0.304832,0.049152,0.023552,0.304832,31.9662,18,345600
861,256,150,1,1,0.243456,0.291008,0.050176,0.023552,0.291008,31.9662,18,345600
862,256,150,1,1,0.217184,0.265536,0.048128,0.023552,0.265536,31.9193,18,345600
